PLAYER_NAME,TEAM_ABBREVIATION,CONTESTED_SHOTS_2PT,CONTESTED_SHOTS_3PT,DEFLECTIONS,BLK_PER_SHOT,DREB,STL,BLK,LOOSE_BALLS_RECOVERED,AVG_SPEED_DEF,HEIGHT
Andrew Bogut,DAL,0.254877462758289,0.0455284552845529,2.4,0.0234910277324633,12.48,0.96,1.44,0.304,3.64,84
Marvin Williams,CHA,0.223271085573569,0.13953488372093,2.13818181818182,0.0104918032786885,7.27272727272727,0.436363636363636,0.727272727272727,0.290909090909091,3.76,81
Chris Paul,LAC,0.0583648472273351,0.116666666666667,5.19365079365079,0.0037770590873681,5.58730158730159,3.17460317460317,0.253968253968254,1.15555555555556,3.5,72
Raymond Felton,LAC,0.10657288253004,0.22987012987013,2.97076023391813,0.0113350839740804,3.50877192982456,1.6374269005848,0.701754385964912,0.748538011695906,4.26,73
Channing Frye,CLE,0.361596799311244,0.14811320754717,1.10497237569061,0.0230674806191971,6.1878453038674,0.883977900552486,1.54696132596685,0.795580110497237,3.51,83
Deron Williams,DAL,0.0698271215619394,0.188321167883212,2.09059233449477,0.00446660376199702,3.20557491289199,0.418118466898955,0.278745644599303,0.585365853658537,3.57,75
Gerald Green,BOS,0.167469325524552,0.181538461538462,1.06930693069307,0.00594168238736798,5.94059405940594,0.792079207920792,0.396039603960396,0.356435643564356,3.99,79
David Lee,SAS,0.228577800078051,0.21978021978022,1.24550898203593,0.0147945408144395,7.90419161676647,0.958083832335329,0.958083832335329,1.02994011976048,4.05,81
CJ Miles,IND,0.113568694172692,0.207563025210084,2.67272727272727,0.0169443659983056,4.54545454545454,1.63636363636364,1.09090909090909,0.490909090909091,3.79,78
Ersan Ilyasova,PHI,0.139544777706871,0.165942028985507,2.76078431372549,0.00231581994499928,7.37254901960784,0.627450980392157,0.156862745098039,0.298039215686275,3.73,82
Monta Ellis,IND,0.0821905096474425,0.194029850746269,2.31003039513678,0.0103775257384258,4.01215805471125,1.58054711246201,0.729483282674772,1.04559270516717,3.88,75
Lou Williams,LAL,0.055109403041894,0.116666666666667,3.38461538461538,0.00241653879148895,3.56275303643725,2.10526315789474,0.161943319838057,0.923076923076923,3.52,73
Amir Johnson,BOS,0.285007655164292,0.0651376146788991,2.93333333333333,0.018675589448292,4.92307692307692,1.02564102564103,1.23076923076923,0.882051282051282,3.85,81
Marcin Gortat,WAS,0.248521274565923,0.0968421052631579,1.26136363636364,0.0213366596638655,10,0.454545454545455,1.47727272727273,0.534090909090909,3.82,83
Jose Calderon,LAL,0.0770112016293279,0.176470588235294,3.07913669064748,0.00413018338014208,5.17985611510791,1.15107913669065,0.287769784172662,0.834532374100719,4.13,75
Jahlil Okafor,PHI,0.319815491062848,0.169491525423729,1.14027149321267,0.0317334391114637,5.42986425339366,0.723981900452489,2.17194570135747,0.850678733031674,3.97,83
Emmanuel Mudiay,DEN,0.0804600600297627,0.111333333333333,1.68078175895766,0.00548977985982762,4.95114006514658,1.17263843648208,0.390879478827362,0.625407166123779,3.78,77
Tyus Jones,MIN,0.0460166810468795,0.127380952380952,4.55555555555556,0,3.88888888888889,2.5,0,1.19444444444444,4.08,74
Justin Anderson,DAL,0.139171801262668,0.172566371681416,2.28855721393035,0.0160980046523233,5.57213930348259,1.59203980099502,0.99502487562189,0.99502487562189,3.9,78
Anthony Brown,NOP,0.0970989456126765,0.221176470588235,2.25641025641026,0.0118638035354135,5.8974358974359,1.28205128205128,0.769230769230769,1.28205128205128,4,79
Montrezl Harrell,HOU,0.250476050974073,0.138541666666667,0.235294117647059,0.0301023479831427,6.17647058823529,0.588235294117647,2.05882352941176,0,3.71,80
Andrew Harrison,MEM,0.125628871375811,0.211267605633803,3.76556776556777,0.0125030476178569,2.93040293040293,1.9047619047619,0.732600732600733,1.18681318681319,3.65,78
Sam Dekker,HOU,0.208833663986635,0.18348623853211,1.65217391304348,0.00998203234178479,5.65217391304348,1.52173913043478,0.652173913043478,0.826086956521739,3.95,81
D'Angelo Russell,LAL,0.0747065101387407,0.132484076433121,3.44776119402985,0.00643486840694108,4.17910447761194,1.94029850746269,0.447761194029851,0.462686567164179,3.95,77
Karl-Anthony Towns,MIN,0.23708098787971,0.171195652173913,1.20689655172414,0.0259345067256821,7.93103448275862,0.919540229885058,1.72413793103448,0.747126436781609,3.87,84
Richaun Holmes,PHI,0.268146633562144,0.0915662650602409,3.2,0.0314743778892495,7.48387096774194,1.54838709677419,2.06451612903226,1.21290322580645,3.85,82
Justise Winslow,MIA,0.130033199965949,0.248951048951049,2.71866295264624,0.00489492233389897,3.7883008356546,1.55988857938719,0.334261838440111,0.367688022284123,3.84,79
Willie Cauley-Stein,SAC,0.276047075112496,0.10125,2.79365079365079,0.0204540805890775,3.49206349206349,1.26984126984127,1.26984126984127,0.603174603174603,4.19,84
Kelly Oubre,WAS,0.121234845644294,0.18695652173913,3.94736842105263,0.00396793905245616,5.52631578947368,1.31578947368421,0.263157894736842,1.76315789473684,4.02,79
Frank Kaminsky,CHA,0.221577949150701,0.141954022988506,1.68821292775665,0.0084527727736189,5.93155893536122,0.760456273764259,0.608365019011407,0.562737642585551,3.74,84
Devin Booker,PHX,0.10294170211245,0.152023121387283,1.83233532934132,0.00506196691160962,2.51497005988024,1.07784431137725,0.359281437125749,0.81437125748503,3.83,78
Myles Turner,IND,0.268975248397907,0.0901162790697674,1.54929577464789,0.0449060877035417,8.30985915492958,1.26760563380282,3.23943661971831,0.633802816901408,3.72,83
Trey Lyles,UTA,0.179387217730305,0.194545454545455,1.41991341991342,0.0132033245971336,6.06060606060606,0.865800865800866,0.865800865800866,0.311688311688312,3.91,82
Stanley Johnson,DET,0.11805605852104,0.14,1.88059701492537,0.0187731731355892,5.37313432835821,1.19402985074627,1.19402985074627,0.328358208955224,4.07,79
Jerian Grant,CHI,0.0710151617370308,0.21685393258427,3.07913669064748,0.0043513260666188,4.02877697841727,2.58992805755396,0.287769784172662,0.60431654676259,3.98,76
Bobby Portis,CHI,0.30461270670148,0.147058823529412,1.1,0.0109349371241115,6.33333333333333,0.333333333333333,0.666666666666667,0.933333333333333,3.97,83
Rashad Vaughn,MIL,0.116262171196047,0.227272727272727,2.71186440677966,0.0132966935555359,3.38983050847458,2.03389830508475,1.01694915254237,0.338983050847458,4.38,78
Rondae Hollis-Jefferson,BKN,0.173777505098911,0.226573426573427,3.80082987551867,0.0112477082794381,7.30290456431535,1.82572614107884,0.829875518672199,1.46058091286307,4.12,79
Terry Rozier,BOS,0.0959467931419849,0.100917431192661,2.43093922651934,0.00341956332176381,6.62983425414365,1.76795580110497,0.220994475138122,1.37016574585635,4.08,74
Norman Powell,TOR,0.109525389976767,0.142168674698795,2.14084507042254,0.00427990584207147,5.07042253521127,1.40845070422535,0.28169014084507,1.32394366197183,4.09,76
Jarell Martin,MEM,0.239027405728415,0.157446808510638,2.64900662251656,0.0125213907091281,8.74172185430464,0.794701986754967,0.794701986754967,0.874172185430464,4.09,82
Willy Hernangomez,NYK,0.335365853658537,0.0876543209876543,1.73529411764706,0.0172503018802829,8.52941176470588,1.17647058823529,1.17647058823529,1.02941176470588,4.08,83
Josh Richardson,MIA,0.141702300321483,0.173722627737226,2.19217081850534,0.0109315901090973,3.55871886120996,1.13879003558719,0.711743772241993,0.540925266903915,3.9,78
Darrun Hilliard,DET,0.0709052233514536,0.108064516129032,1.25714285714286,0.00596036358217851,2.66666666666667,0.761904761904762,0.380952380952381,0.304761904761905,3.78,78
Larry Nance Jr.,LAL,0.158444672833162,0.178294573643411,3.2579185520362,0.011033873993159,7.78280542986425,2.17194570135747,0.723981900452489,1.17647058823529,3.99,81
Mario Hezonja,ORL,0.119744975565552,0.191666666666667,2.8099173553719,0.0098767870811625,4.62809917355372,0.991735537190083,0.661157024793388,0.264462809917355,3.94,80
Alan Williams,PHX,0.382265827471307,0.13695652173913,3.48514851485149,0.0584263827577253,10.2970297029703,2.37623762376238,3.56435643564356,0.514851485148515,3.78,80
Salah Mejri,DAL,0.462333975463855,0.0550724637681159,4.36697247706422,0.0417586350891845,9.54128440366972,1.46788990825688,2.56880733944954,0.220183486238532,3.99,86
Jonathan Gibson,DAL,0.0668207255617117,0.1875,2.25988700564972,0,4.06779661016949,1.5819209039548,0,1.80790960451977,3.75,74
Malcolm Delaney,ATL,0.0822997227491609,0.112359550561798,2.20606060606061,0,3.63636363636364,0.96969696969697,0,1.09090909090909,3.84,75
Dragan Bender,PHX,0.277938621887666,0.202898550724638,0.972972972972973,0.0282585658777817,4.32432432432432,0.36036036036036,1.8018018018018,0.468468468468469,3.83,85
Domantas Sabonis,OKC,0.255437879472619,0.216190476190476,2.00921658986175,0.0111276480324927,4.97695852534562,1.29032258064516,0.737327188940092,0.589861751152074,3.75,83
Wade Baldwin,MEM,0.129336663891202,0.180208333333333,2.65882352941176,0.0108636610537751,3.52941176470588,1.88235294117647,0.705882352941177,1.41176470588235,4.14,76
Marquese Chriss,PHX,0.135670483529603,0.178571428571429,2.67515923566879,0.0223655272673053,5.35031847133758,1.27388535031847,1.52866242038217,0.636942675159236,3.95,82
Kris Dunn,MIN,0.129504504504505,0.110576923076923,6.02272727272727,0.0142045454545455,4.31818181818182,2.95454545454545,0.909090909090909,1.13636363636364,4.2,76
Buddy Hield,NOP,0.159375870716077,0.155882352941176,1.87804878048781,0.003553028957186,4.87804878048781,0.731707317073171,0.24390243902439,0.658536585365854,4.18,76
Brandon Ingram,LAL,0.119150376576119,0.185350318471338,1.64528301886792,0.013261866607725,4.9811320754717,0.905660377358491,0.905660377358491,0.649056603773585,3.88,81
Jamal Murray,DEN,0.106194690265487,0.161467889908257,1.57798165137615,0.00832350697093709,4.22018348623853,0.55045871559633,0.55045871559633,0.605504587155963,4.14,76
Jakob Poeltl,TOR,0.453638178189076,0.0397058823529412,3.03030303030303,0.0280552126585119,5.75757575757576,1.51515151515152,1.51515151515152,1.36363636363636,4.26,84
Taurean Prince,ATL,0.136020568964087,0.147560975609756,2.20689655172414,0.014809695413931,7.24137931034483,1.03448275862069,1.03448275862069,0.241379310344828,3.81,80
Tyler Ulis,PHX,0.0698006895971743,0.0608695652173913,5.02654867256637,0.00532169655686233,2.12389380530973,4.60176991150442,0.353982300884956,0.601769911504425,4.25,70
Denzel Valentine,CHI,0.0923344947735192,0.128571428571429,1.6,0,5.45454545454545,1.09090909090909,0,1.12727272727273,4.03,78
Jaylen Brown,BOS,0.184496354709121,0.211363636363636,1.79710144927536,0.0134879956838414,3.76811594202899,1.15942028985507,0.869565217391304,0.840579710144927,4.11,79
Malcolm Brogdon,MIL,0.118171708434899,0.15241935483871,2.1244019138756,0.00288552404723603,3.63636363636364,1.5311004784689,0.191387559808612,0.30622009569378,3.88,77
Patrick McCaw,GSW,0.141163184641446,0.158208955223881,3.16417910447761,0.0176686249392641,2.38805970149254,1.19402985074627,1.19402985074627,0.388059701492537,3.98,79
Pascal Siakam,TOR,0.258700189292822,0.255357142857143,3.02040816326531,0.0220105021538849,5.10204081632653,1.22448979591837,1.42857142857143,0.591836734693878,4.28,81
Isaiah Whitehead,BKN,0.136821942029596,0.16025641025641,2,0.0177874903121705,3.69747899159664,1.00840336134454,1.17647058823529,1.15966386554622,3.99,76
Troy Williams,MEM,0.114729882832107,0.199065420560748,3.40828402366864,0.0106639177456478,3.31360946745562,2.60355029585799,0.710059171597633,1.0414201183432,3.9,79
Yogi Ferrell,BKN,0.070555032925682,0.105882352941176,2.11920529801325,0.00784067743453034,2.11920529801325,0.529801324503311,0.529801324503311,1.05960264900662,4.12,72
Sheldon McClellan,WAS,0.0978781656399726,0.165384615384615,1.54954954954955,0,1.44144144144144,2.16216216216216,0,0,3.72,78
Juan Hernangomez,DEN,0.200556198363884,0.13134328358209,2.12612612612613,0.0157763958823607,7.56756756756757,1.44144144144144,1.08108108108108,0.864864864864865,4.05,81
Dorian Finney-Smith,DAL,0.157688483359654,0.150925925925926,1.53367875647668,0.0062167307767028,2.69430051813471,0.829015544041451,0.414507772020725,0.870466321243523,4.02,80
Mindaugas Kuzminskas,NYK,0.0920738327904452,0.089041095890411,2.66666666666667,0,3.15789473684211,1.40350877192982,0,0.842105263157895,4.15,81
Nicolas Laprovittola,SAS,0.123534010946052,0.110666666666667,1.8348623853211,0,2.56880733944954,1.10091743119266,0,0.623853211009174,4.07,76
Vince Carter,MEM,0.115866492933748,0.158571428571429,2.43018867924528,0.0102715542145471,4.9811320754717,1.20754716981132,0.60377358490566,0.422641509433962,3.62,78
Dirk Nowitzki,DAL,0.158313244342101,0.137931034482759,3.06513409961686,0.0132763923616489,9.19540229885057,0.919540229885057,0.919540229885057,1.22605363984674,3.55,84
Paul Pierce,LAC,0.241818337178501,0.16219512195122,0.527131782945736,0.0150731045571019,4.03100775193798,0.62015503875969,0.930232558139535,0,3.75,79
Jason Terry,MIL,0.106729281178291,0.204918032786885,2.91525423728814,0.00969649956365752,2.48587570621469,0.903954802259887,0.677966101694915,0.655367231638418,4.06,74
Manu Ginobili,SAS,0.0637461656441718,0.094,4.18274111675127,0.00648004147226542,4.46700507614213,2.63959390862944,0.406091370558376,0.791878172588832,3.68,78
LaMarcus Aldridge,SAS,0.198413744038365,0.172222222222222,1.34138972809668,0.0184668796513453,5.9214501510574,0.845921450151057,1.20845921450151,0.507552870090634,3.87,83
Randy Foye,BKN,0.0803665122469351,0.125925925925926,1.93258426966292,0.00659293566943021,5.84269662921348,0.898876404494382,0.449438202247191,0.651685393258427,3.86,76
Rudy Gay,SAC,0.12227701753813,0.176439790575916,3.64265129682997,0.0122007015403386,6.34005763688761,1.61383285302594,0.806916426512968,1.15273775216138,3.89,80
JJ Redick,LAC,0.0741047007187838,0.116296296296296,1.84386617100372,0.0022250901161497,2.82527881040892,1.18959107806691,0.148698884758364,0.565055762081784,4.09,76
Thabo Sefolosha,ATL,0.13628172398258,0.171527777777778,5.05691056910569,0.00731065405984989,6.01626016260163,3.41463414634146,0.48780487804878,1.02439024390244,3.88,79
Rajon Rondo,CHI,0.0645515541925029,0.149673202614379,4.11650485436893,0.00569968366755645,7.50809061488673,1.81229773462783,0.388349514563107,1.2168284789644,3.92,73
Kyle Lowry,TOR,0.0741256595177111,0.124886877828054,3.72192513368984,0.00465401292264255,4.27807486631016,1.60427807486631,0.320855614973262,1.12299465240642,3.56,72
Sergio Rodriguez,PHI,0.0463107829025596,0.0758620689655173,1.94160583941606,0.00430496362305739,3.94160583941606,1.45985401459854,0.291970802919708,0.978102189781022,3.95,75
PJ Tucker,PHX,0.103016924208977,0.134057971014493,3.25,0.00488042947779405,7,1.83333333333333,0.333333333333333,1.16666666666667,3.82,78
Paul Millsap,ATL,0.228164360933306,0.191847826086956,3.65853658536585,0.0139997200055999,7.80487804878049,1.95121951219512,0.975609756097561,0.902439024390244,3.76,80
J.J. Barea,DAL,0.0638385058338905,0.155376344086021,1.07552870090634,0.00187352752446124,3.62537764350453,0.845921450151057,0.120845921450151,0.531722054380665,3.53,72
Kevin Durant,GSW,0.147228025988151,0.168181818181818,3.36231884057971,0.0283581795624175,8.81159420289855,1.73913043478261,2.08695652173913,0.718840579710145,3.5,81
Al Horford,BOS,0.26800358577642,0.193264248704663,2.2262996941896,0.0456550846155535,6.48318042813456,0.73394495412844,3.18042813455657,0.892966360856269,3.66,82
Mike Conley,MEM,0.0855219263662279,0.200568181818182,3.29192546583851,0.0118638035354135,3.85093167701863,1.73913043478261,0.745341614906832,1.90062111801242,3.75,73
Jeff Green,ORL,0.152372852827314,0.209016393442623,1.20171673819742,0.00989602983652996,4.8068669527897,0.515021459227468,0.686695278969957,0.343347639484979,3.7,81
Corey Brewer,HOU,0.123604329566019,0.176923076923077,3.61904761904762,0.00445563303406332,4.62585034013605,1.08843537414966,0.272108843537415,0.517006802721088,4.06,81
Joakim Noah,NYK,0.248833014078221,0.145967741935484,2.54867256637168,0.0229092158684502,8.67256637168142,1.41592920353982,1.5929203539823,0.991150442477876,3.89,83
Spencer Hawes,CHA,0.234136588445754,0.108870967741935,1.51162790697674,0.0254728395847927,7.44186046511628,1.16279069767442,1.86046511627907,0.465116279069767,3.74,85
Thaddeus Young,IND,0.156272117317329,0.196256684491979,2.5503355704698,0.0074042537437758,5.77181208053691,1.47651006711409,0.536912751677852,0.51006711409396,4.01,80
Rodney Stuckey,IND,0.0777021024578028,0.1421875,1.4974358974359,0,4.30769230769231,1.02564102564103,0,0.369230769230769,3.69,77
Nick Young,LAL,0.11312101910828,0.118666666666667,2.128,0.0090014064697609,3.2,0.48,0.64,0.272,3.82,79
Marco Belinelli,CHA,0.0729356603282105,0.162732919254658,2.25196850393701,0.00445508715264242,4.09448818897638,1.10236220472441,0.31496062992126,0.15748031496063,3.82,77
Jason Smith,WAS,0.292011146166778,0.128767123287671,1.5042735042735,0.0220315877889925,5.81196581196581,0.683760683760684,1.36752136752137,1.33333333333333,4.03,84
Jared Dudley,PHX,0.152896104123297,0.15625,2.89878542510121,0.0048330775829779,4.53441295546559,1.29554655870445,0.323886639676113,0.761133603238866,3.63,79
Wilson Chandler,DEN,0.10517568234347,0.185534591194969,1.77346278317152,0.0036759975738416,7.24919093851133,1.03559870550162,0.258899676375405,0.478964401294498,3.69,80
Aaron Brooks,IND,0.117760617760618,0.185714285714286,2.05263157894737,0.00835421888053467,2.10526315789474,1.57894736842105,0.526315789473684,0.736842105263158,3.8,72
Arron Afflalo,SAC,0.0831874664217258,0.177304964539007,0.697674418604651,0.00232826160347377,3.56589147286822,0.62015503875969,0.155038759689922,0.155038759689922,3.8,77
Josh McRoberts,MIA,0.186335403726708,0.0652173913043478,3.67567567567568,0.0133232668650353,7.02702702702703,1.62162162162162,0.810810810810811,0.972972972972973,3.59,82
Marc Gasol,MEM,0.231645248436544,0.0734806629834254,2.36686390532544,0.0329460556788341,5.68047337278106,1.06508875739645,2.01183431952663,0.568047337278107,3.37,85
Ramon Sessions,CHA,0.0841988644232101,0.192792792792793,2.28915662650602,0.00343023754394992,2.65060240963855,1.44578313253012,0.240963855421687,1.1566265060241,3.74,75
CJ Watson,ORL,0.0715073599330569,0.124561403508772,3.67213114754098,0,3.60655737704918,1.9672131147541,0,0.39344262295082,3.83,74
Anthony Tolliver,SAC,0.250325945241199,0.131578947368421,2.08264462809917,0,4.29752066115702,0.330578512396694,0,0.429752066115702,3.97,80
Michael Beasley,MIL,0.146446564823665,0.173584905660377,2.38993710691824,0.00768277809255827,7.0440251572327,1.25786163522013,0.50314465408805,0.654088050314465,3.95,82
Derrick Rose,NYK,0.0824444134397078,0.136363636363636,1.61490683229814,0.00876877614191387,3.60248447204969,0.869565217391304,0.62111801242236,1.36645962732919,3.82,75
Russell Westbrook,OKC,0.0545915383115617,0.0742105263157895,2.54341736694678,0.00626186329569693,9.63585434173669,1.45658263305322,0.448179271708683,0.817927170868347,3.53,75
Kevin Love,CLE,0.131359991931824,0.109625668449198,2.09345794392523,0.00685377471642507,10.0934579439252,1.1214953271028,0.498442367601246,0.984423676012461,3.83,82
Danilo Gallinari,DEN,0.11130601846051,0.173863636363636,1.41828254847645,0.00610817579329933,4.3213296398892,0.775623268698061,0.443213296398892,0.742382271468144,3.58,82
Eric Gordon,HOU,0.0633984621028079,0.110497237569061,1.45686900958466,0.00922156185593154,3.06709265175719,0.894568690095846,0.638977635782748,0.12779552715655,3.58,76
D.J. Augustin,ORL,0.072,0.182828282828283,1.62,0,2.4,0.6,0,1.04,3.61,72
Brook Lopez,BKN,0.292700390219454,0.0858024691358025,1.31929824561403,0.0352138507813073,4.63157894736842,0.842105263157895,2.52631578947368,0.856140350877193,3.74,84
Brandon Rush,MIN,0.0572184978009309,0.201818181818182,3.32710280373832,0.0116214881315552,3.73831775700935,0.747663551401869,0.747663551401869,0,4.16,78
Robin Lopez,CHI,0.425849625307635,0.0952380952380952,0.699300699300699,0.0369132333941718,5.45454545454545,0.27972027972028,2.51748251748252,0.27972027972028,3.69,84
Marreese Speights,LAC,0.301898072037065,0.11,1.75483870967742,0.0210725950900853,8.51612903225806,1.03225806451613,1.29032258064516,0.361290322580645,3.63,82
Roy Hibbert,CHA,0.335912972700611,0.0636363636363636,2.18633540372671,0.0319712968801343,5.46583850931677,0.496894409937888,2.2360248447205,0.322981366459627,3.83,86
Alexis Ajinca,NOP,0.286560943046013,0.0740740740740741,1.24031007751938,0.0298450190794943,8.37209302325581,0.310077519379845,2.17054263565891,0.62015503875969,3.74,86
Ryan Anderson,HOU,0.159083249073138,0.125,0.670967741935484,0.00186959569992989,4.7741935483871,0.516129032258065,0.129032258064516,0.180645161290323,3.53,82
Courtney Lee,NYK,0.079960158260244,0.201315789473684,1.87205387205387,0.00584305552850437,3.23232323232323,1.21212121212121,0.404040404040404,0.902356902356902,4.03,77
Kosta Koufos,SAC,0.341513392203737,0.135135135135135,1.22448979591837,0.0158242871158654,8.57142857142857,0.816326530612245,1.02040816326531,0.204081632653061,4.02,84
Serge Ibaka,ORL,0.263313291818767,0.201388888888889,1.38157894736842,0.0348459036704352,6.44736842105263,0.789473684210526,2.36842105263158,0.631578947368421,3.67,82
Nicolas Batum,CHA,0.106936275701162,0.15158371040724,2.53602305475504,0.00790563830123644,7.60806916426513,1.26801152737752,0.576368876080692,0.69164265129683,3.96,80
George Hill,UTA,0.123320178328142,0.240645161290323,3.3394495412844,0.00366399347809161,3.91437308868502,1.34556574923547,0.244648318042813,0.782874617737003,3.9,75
Darrell Arthur,DEN,0.208254449072321,0.0871287128712871,2.42758620689655,0.0128727740828148,5.51724137931035,0.827586206896552,0.827586206896552,1.04827586206897,3.76,81
DeAndre Jordan,LAC,0.246771126991412,0.108387096774194,1.198738170347,0.0316971985270125,12.1135646687697,0.630914826498423,2.14511041009464,0.290220820189274,3.58,83
Omer Asik,NOP,0.252022554547683,0.091,2.02222222222222,0.0131600592202665,10.2222222222222,0.444444444444444,0.888888888888889,0.311111111111111,3.76,84
Luc Mbah a Moute,LAC,0.184692777578153,0.158260869565217,3.6271186440678,0.0127129417747267,2.71186440677966,2.3728813559322,0.847457627118644,1.15254237288136,3.99,80
Goran Dragic,MIA,0.0954784964523771,0.154375,1.45896656534954,0.00345457450437651,3.64741641337386,1.33738601823708,0.243161094224924,0.887537993920973,3.77,75
Anthony Morrow,OKC,0.0663155841622781,0.167605633802817,1.56643356643357,0.00399289265108108,1.3986013986014,0.839160839160839,0.27972027972028,0.867132867132867,3.71,77
Blake Griffin,LAC,0.122866894197952,0.161728395061728,2.48484848484848,0.0125549278091651,8.48484848484848,1.33333333333333,0.848484848484849,0.981818181818182,3.61,82
James Harden,HOU,0.09504329064978,0.197142857142857,2.6199460916442,0.00457238659528663,6.57681940700809,1.50943396226415,0.323450134770889,0.463611859838275,3.35,77
Ricky Rubio,MIN,0.0459588524649025,0.163803680981595,4.45901639344262,0.00195642072827762,3.40983606557377,1.9672131147541,0.131147540983607,0.786885245901639,4.06,76
Stephen Curry,GSW,0.0813384080911559,0.16120218579235,3.88023952095808,0.0049611787760772,3.95209580838323,1.79640718562874,0.359281437125749,1.4251497005988,3.84,75
DeMar DeRozan,TOR,0.0417908988709126,0.118867924528302,2.39106145251397,0,4.80446927374302,1.56424581005587,0,0.692737430167598,3.61,79
Brandon Jennings,NYK,0.0308267740808483,0.100877192982456,3.31797235023042,0,4.23963133640553,2.02764976958525,0,0.921658986175115,4.01,73
Gerald Henderson,PHI,0.116627349113367,0.197916666666667,1.84738955823293,0.0046843618435306,3.53413654618474,1.44578313253012,0.321285140562249,0.642570281124498,4.03,77
James Johnson,MIA,0.214701601164483,0.265217391304348,2.45901639344262,0.025654181631606,6.22950819672131,1.31147540983607,1.63934426229508,1.0655737704918,3.67,81
Jrue Holiday,NOP,0.104624858615056,0.2,4.07042253521127,0.00815860324712409,3.94366197183099,1.54929577464789,0.563380281690141,1.09859154929577,3.78,76
Ty Lawson,SAC,0.0760731751494295,0.132867132867133,3.15384615384615,0.00238635007755638,3.07692307692308,1.84615384615385,0.153846153846154,1.07692307692308,3.93,71
Jeff Teague,IND,0.0903597912661357,0.13756345177665,4.30573248407643,0.0106932810550704,4.20382165605096,2.54777070063694,0.764331210191083,0.726114649681529,3.69,74
Darren Collison,SAC,0.0617323644781686,0.147058823529412,3.37254901960784,0.00200795148789205,2.09150326797386,1.83006535947712,0.130718954248366,1.20261437908497,3.92,72
Omri Casspi,SAC,0.161084970938278,0.130630630630631,2.3956043956044,0.00342876735813475,5.71428571428572,1.0989010989011,0.21978021978022,0.395604395604396,3.9,81
Taj Gibson,CHI,0.207851233943492,0.222972972972973,1.64948453608247,0.0216180097674099,7.42268041237113,0.824742268041237,1.51202749140893,0.893470790378007,3.78,81
DeMarre Carroll,TOR,0.126272504798901,0.249367088607595,3.69348659003831,0.0115526134899868,4.2911877394636,1.68582375478927,0.766283524904214,0.444444444444444,3.93,80
Dante Cunningham,NOP,0.205656518887217,0.197972972972973,2.25423728813559,0.0171918363337181,5.25423728813559,1.01694915254237,1.1864406779661,0.559322033898305,4.1,80
Jonas Jerebko,BOS,0.174687065368567,0.167,2.18390804597701,0.0107238605898123,6.66666666666667,1.37931034482759,0.689655172413793,1.31034482758621,3.93,82
Patrick Beverley,HOU,0.090455396132252,0.165680473372781,2.77777777777778,0.014297385620915,4.30555555555556,1.80555555555556,0.972222222222222,1.80555555555556,4.05,73
Marcus Thornton,WAS,0.0451478719626642,0.138793103448276,2.38775510204082,0.00319356177945262,3.26530612244898,1.63265306122449,0.204081632653061,1.02040816326531,3.86,76
Danny Green,SAS,0.140042512905704,0.231468531468531,3.44401544401544,0.0189163307047515,4.32432432432432,0.926640926640927,1.23552123552124,0.478764478764479,4.12,78
Patty Mills,SAS,0.0635645637072985,0.140336134453782,2.43404255319149,0,2.72340425531915,1.02127659574468,0,0.817021276595745,4.14,72
Garrett Temple,SAC,0.151099956462724,0.253676470588235,3.56807511737089,0.0181140278050327,3.94366197183099,1.87793427230047,1.12676056338028,0.375586854460094,4.01,78
Wesley Matthews,DAL,0.0966085061368068,0.224431818181818,2.96132596685083,0.00351923702941202,3.0939226519337,1.32596685082873,0.220994475138122,0.585635359116022,3.8,77
John Wall,WAS,0.108521485797524,0.092156862745098,4.37183098591549,0.00974184120798831,3.83098591549296,2.36619718309859,0.676056338028169,0.923943661971831,3.51,76
Evan Turner,POR,0.140199048031155,0.221804511278196,2.48,0.00711111111111111,5.44,1.12,0.48,0.512,3.8,79
Derrick Favors,UTA,0.273003802281369,0.142201834862385,2.88333333333333,0.0268817204301075,8.66666666666667,1.66666666666667,1.66666666666667,0.45,3.83,82
Wesley Johnson,LAC,0.202369563617632,0.157142857142857,5.78512396694215,0.0312679139090104,7.93388429752066,0.991735537190083,1.98347107438017,1.02479338842975,3.87,79
DeMarcus Cousins,SAC,0.244471461899911,0.126288659793814,4.28985507246377,0.0243727286575414,9.39130434782609,1.39130434782609,1.6231884057971,0.811594202898551,3.49,83
Greg Monroe,MIL,0.192764650914431,0.10390625,4.3010752688172,0.0190310046784553,10.752688172043,2.36559139784946,1.29032258064516,1.0752688172043,3.95,83
Al-Farouq Aminu,POR,0.161076140381133,0.245714285714286,3.71314741035857,0.0209338838169448,8.60557768924303,2.23107569721116,1.43426294820717,0.350597609561753,3.73,81
Gordon Hayward,UTA,0.0779112774385573,0.108383233532934,1.81615598885794,0.00320548779510522,6.46239554317549,1.1142061281337,0.222841225626741,1.04735376044568,3.78,80
Paul George,IND,0.113709878079124,0.171759259259259,2.97109826589595,0.00647353940767115,6.82080924855491,2.19653179190751,0.46242774566474,1.39884393063584,3.92,81
Cole Aldrich,MIN,0.399388171312033,0.116279069767442,5,0.0294579732914375,8.4375,2.1875,1.875,1.09375,3.79,83
Ed Davis,POR,0.26756633707288,0.100961538461538,1.24867724867725,0.0251451740910412,6.77248677248677,0.846560846560847,1.69312169312169,0.677248677248677,3.91,82
Patrick Patterson,TOR,0.141515806538773,0.163841807909605,2.31944444444444,0.00845522955948254,6.66666666666667,1.38888888888889,0.555555555555556,0.861111111111111,3.65,81
Luke Babbitt,MIA,0.180867997351777,0.19125,1.45911949685535,0.00388383450981154,4.0251572327044,1.0062893081761,0.251572327044025,0.930817610062893,3.92,81
Kevin Seraphin,IND,0.298545612555274,0.122058823529412,1.66336633663366,0.0241243610813745,8.71287128712871,1.18811881188119,1.58415841584158,0.673267326732673,3.88,82
Eric Bledsoe,PHX,0.104515692723863,0.154320987654321,3.59133126934985,0.00527576883339562,6.06811145510836,1.85758513931889,0.371517027863777,1.11455108359133,3.99,73
Avery Bradley,BOS,0.0606734287434579,0.144444444444444,2.87955182072829,0.00317551046330698,7.39495798319328,1.12044817927171,0.224089635854342,1.12044817927171,4.12,74
Trevor Booker,BKN,0.107378524295141,0.18953488372093,3.91428571428571,0.0118717847249703,8.71428571428571,2.85714285714286,0.857142857142857,0.971428571428572,4.06,80
Hassan Whiteside,MIA,0.250012019808645,0.0493421052631579,1.56626506024096,0.0457762597274552,12.6506024096386,0.963855421686747,3.13253012048193,0.542168674698795,3.64,84
Nemanja Bjelica,MIN,0.194869408411378,0.191919191919192,2.67441860465116,0.0110737883429921,6.97674418604651,1.62790697674419,0.697674418604651,1.04651162790698,3.82,82
Timofey Mozgov,LAL,0.322325077141189,0.1453125,0.769953051643192,0.0135936055679408,4.88262910798122,0.375586854460094,0.938967136150235,0.262910798122066,4.1,85
Jeremy Lin,BKN,0.12555286060779,0.142857142857143,3.87096774193548,0.0203894382709756,7.09677419354839,0,1.29032258064516,2.06451612903226,3.81,75
Ish Smith,DET,0.103083162844119,0.16887417218543,2.53924914675768,0.00600886307303272,3.68600682593857,1.36518771331058,0.409556313993174,0.68259385665529,3.82,72
Lance Thomas,NYK,0.0747986191024166,0.134831460674157,2,0.00380517503805175,4.75,1.25,0.25,0.25,3.96,80
Kyrie Irving,CLE,0.0612095742737073,0.102094240837696,1.97067448680352,0.0031804592583169,2.69794721407625,0.703812316715542,0.234604105571847,0.680351906158358,3.7,75
Derrick Williams,MIA,0.141261261261261,0.176388888888889,1.16129032258065,0.00814871403106697,3.87096774193548,0.774193548387097,0.516129032258065,0.232258064516129,3.84,80
Enes Kanter,OKC,0.24839796525071,0.133333333333333,1.51295336787565,0.0276027050650964,8.29015544041451,0.829015544041451,1.86528497409326,0.186528497409326,3.88,83
Tristan Thompson,CLE,0.282820258192651,0.159259259259259,0.579310344827586,0.0277970813064628,9.10344827586207,0.551724137931035,2.06896551724138,0.358620689655172,4.01,81
Jonas Valanciunas,TOR,0.29174543163201,0.0538461538461538,1.2,0.0168990283058724,9.14285714285714,0.571428571428572,1.14285714285714,0.6,3.78,84
Bismack Biyombo,ORL,0.297041957176451,0.0925925925925926,0.941176470588235,0.031964382545164,9.25490196078431,0.470588235294118,2.19607843137255,0.862745098039216,3.87,81
Brandon Knight,PHX,0.076917931910909,0.214285714285714,1.29032258064516,0,3.54838709677419,0.967741935483871,0,0.806451612903226,4,75
Kemba Walker,CHA,0.0848488709112336,0.168115942028985,3.12835820895522,0.0050044831828513,4.29850746268657,1.91044776119403,0.358208955223881,1.07462686567164,3.58,73
Klay Thompson,GSW,0.102667457024303,0.177720207253886,1.62352941176471,0.00488003253355022,3.52941176470588,0.823529411764706,0.352941176470588,0.788235294117647,3.81,79
Markieff Morris,WAS,0.156774314783496,0.15952380952381,3.46835443037975,0.011100627185436,5.56962025316456,1.64556962025316,0.759493670886076,0.79746835443038,3.54,82
Marcus Morris,DET,0.115244561230342,0.172049689440994,1.93146417445483,0.00746470593724049,3.98753894080997,0.996884735202492,0.498442367601246,0.448598130841121,3.79,81
Kawhi Leonard,SAS,0.115175374893297,0.155029585798817,4.89940828402367,0.00890559182110447,5.91715976331361,2.36686390532544,0.591715976331361,1.12426035502959,3.97,79
Nikola Vucevic,ORL,0.218215246434034,0.0766423357664234,1.86281588447653,0.0213318543247668,12.5631768953069,1.01083032490975,1.44404332129964,0.620938628158845,3.68,84
Iman Shumpert,CLE,0.0745053334419021,0.141044776119403,2.57407407407407,0.00790263948158685,3.14814814814815,1.66666666666667,0.555555555555555,0.611111111111111,3.97,77
Tobias Harris,DET,0.162294915940855,0.207909604519774,1.93313069908815,0.0104902440730121,5.22796352583587,0.851063829787234,0.729483282674772,0.60790273556231,3.76,81
Kenneth Faried,DEN,0.227493261455526,0.150833333333333,2.58723404255319,0.0276208411801632,8.68085106382979,1.70212765957447,1.87234042553192,1.2936170212766,3.94,80
Nikola Mirotic,CHI,0.236365057040163,0.2421875,2.32142857142857,0.0156266277737264,8.75,1.25,1.07142857142857,0.625,3.78,82
Cory Joseph,TOR,0.0774066313324294,0.224390243902439,2.53333333333333,0.00306913220286964,4,1.52380952380952,0.19047619047619,0.457142857142857,4.23,75
Jimmy Butler,CHI,0.0492769148366363,0.123595505617978,3.80165289256198,0.00465296626599457,5.28925619834711,1.98347107438017,0.330578512396694,0.661157024793388,3.86,79
Bojan Bogdanovic,BKN,0.11261920084245,0.196875,1.5884476534296,0.00199258757422389,4.18772563176895,0.72202166064982,0.144404332129964,0.577617328519856,3.95,80
Kyle Singler,OKC,0.165229885057471,0.214285714285714,2,0.00956022944550669,4.66666666666667,0.333333333333333,0.666666666666667,0,3.93,80
Shelvin Mack,UTA,0.0787154673730875,0.236458333333333,3.55121951219512,0,3.31707317073171,1.75609756097561,0,1.24878048780488,4.31,75
Chandler Parsons,MEM,0.0757403620389305,0.127884615384615,1.27014218009479,0.00993229485672665,5.11848341232227,0.568720379146919,0.568720379146919,0,3.71,82
Jon Leuer,DET,0.1834229413299,0.136428571428571,1.08550185873606,0.0114383103327976,7.88104089219331,0.594795539033457,0.743494423791822,0.267657992565056,3.95,82
Davis Bertans,SAS,0.277069188807347,0.163076923076923,1.43859649122807,0.0259868506535693,3.15789473684211,0.350877192982456,1.75438596491228,0.631578947368421,3.8,82
Lavoy Allen,IND,0.186006886514501,0.153333333333333,1.6986301369863,0.0129951701284356,4.10958904109589,0.821917808219178,0.821917808219178,0.520547945205479,4.04,81
E'Twaun Moore,NOP,0.105774164265698,0.134228187919463,2.79245283018868,0.00858898998845855,2.86792452830189,1.20754716981132,0.60377358490566,0.528301886792453,4.01,76
Isaiah Thomas,BOS,0.0684747066743605,0.138624338624339,1.65765765765766,0.00172733946538844,2.52252252252252,1.08108108108108,0.12012012012012,0.912912912912913,3.64,69
Anthony Davis,NOP,0.215943274602492,0.161304347826087,3.35789473684211,0.0402645959160196,10,1.78947368421053,2.94736842105263,0.852631578947368,3.53,83
Michael Kidd-Gilchrist,CHA,0.19170065870076,0.221674876847291,1.94174757281553,0.020003818910883,7.11974110032363,1.03559870550162,1.42394822006473,0.647249190938511,4.16,79
Bradley Beal,WAS,0.0946336980415047,0.226943005181347,2.95953757225434,0.00671586034368415,2.65895953757225,1.27167630057803,0.46242774566474,0.578034682080925,3.84,77
Dion Waiters,MIA,0.125099712574547,0.230496453900709,2.67924528301887,0.0111964320703136,3.77358490566038,1.13207547169811,0.754716981132075,0.553459119496855,3.75,76
Damian Lillard,POR,0.0773351863890072,0.155614973262032,3.06741573033708,0.00473851305460346,4.8314606741573,1.12359550561798,0.337078651685393,0.617977528089888,3.6,75
Terrence Ross,TOR,0.0805527935457074,0.154166666666667,3.78109452736318,0.00941538316686413,3.38308457711443,1.7910447761194,0.597014925373134,0.696517412935323,3.85,79
Andre Drummond,DET,0.195177288460979,0.0649350649350649,3.62541806020067,0.0220976717089536,12.9765886287625,2.40802675585284,1.47157190635452,0.762541806020067,3.87,83
Harrison Barnes,DAL,0.133045888512473,0.152406417112299,1.54666666666667,0.00337339236769977,4.58666666666667,0.853333333333333,0.213333333333333,0.64,3.91,80
Austin Rivers,LAC,0.092823553465549,0.0892156862745098,2.14545454545455,0.0057711729909104,2.90909090909091,1.09090909090909,0.363636363636364,0.745454545454545,3.98,76
Meyers Leonard,POR,0.315789473684211,0.182352941176471,1.51898734177215,0.0115052732502397,7.59493670886076,0.253164556962025,0.759493670886076,0.253164556962025,3.64,85
Jeremy Lamb,CHA,0.108732907068821,0.166666666666667,1.87134502923977,0.0153596854336423,11.6959064327485,0.701754385964912,1.16959064327485,0.935672514619883,3.91,77
John Henson,MIL,0.376569037656904,0.1408,2.55670103092784,0.0494789250703528,8.04123711340206,0.824742268041237,3.29896907216495,0.597938144329897,3.91,83
Maurice Harkless,POR,0.134056648062177,0.138509316770186,2.63665594855305,0.012857720142537,4.63022508038585,1.15755627009646,0.90032154340836,0.707395498392283,4.05,81
Tyler Zeller,BOS,0.292224951036777,0.0822784810126582,1.15942028985507,0.0291867325452916,6.66666666666667,0.579710144927536,2.02898550724638,0.289855072463768,3.96,84
Terrence Jones,NOP,0.249175390793059,0.183108108108108,1.83870967741935,0.0234235922421063,7.90322580645161,1.45161290322581,1.61290322580645,0.919354838709677,3.82,81
Andrew Nicholson,WAS,0.267266844844563,0.137313432835821,2.09708737864078,0.0172776225991304,4.27184466019417,1.94174757281553,1.16504854368932,0.310679611650485,3.91,81
Evan Fournier,ORL,0.0661434305913366,0.146857142857143,2.92625368731563,0,2.83185840707965,1.41592920353982,0,0.613569321533923,3.88,79
Miles Plumlee,MIL,0.309261658031088,0.024,2.7563025210084,0.0151118275236752,4.03361344537815,2.01680672268908,1.00840336134454,0.605042016806723,3.96,83
Tomas Satoransky,WAS,0.0958991943352569,0.136170212765957,3.08433734939759,0,3.13253012048193,1.44578313253012,0,0.939759036144578,4.16,79
Jae Crowder,BOS,0.0967088296696549,0.253409090909091,4.05405405405405,0.00797257434425576,5.81081081081081,1.62162162162162,0.540540540540541,1.24324324324324,3.86,78
Draymond Green,GSW,0.251098556183302,0.216216216216216,5.31722054380665,0.0265268480716225,8.33836858006042,2.77945619335347,1.93353474320242,0.845921450151057,3.55,79
Will Barton,DEN,0.0743902275859301,0.116339869281046,1.76744186046512,0.0113915759296001,5.3156146179402,0.79734219269103,0.79734219269103,0.292358803986711,3.82,78
Justin Hamilton,BKN,0.274183367524065,0.25,2.68518518518518,0.00794744092402246,5.92592592592593,1.11111111111111,0.555555555555555,0.648148148148148,4.12,84
Kyle O'Quinn,NYK,0.294229309035687,0.0945945945945946,1.88405797101449,0.0560248233063265,8.11594202898551,0.869565217391304,3.76811594202899,0.72463768115942,3.83,82
Hollis Thompson,PHI,0.121701969528057,0.140740740740741,2.2680412371134,0.00618658747834694,4.94845360824742,1.23711340206186,0.412371134020619,0.103092783505155,4,80
Mirza Teletovic,MIL,0.17285586701622,0.162135922330097,1.23456790123457,0.00723183453562582,5.18518518518519,0.246913580246914,0.493827160493827,0.271604938271605,3.74,81
Kent Bazemore,ATL,0.0961669312769336,0.157516339869281,4.1037037037037,0.0124050240347341,3.85185185185185,2.37037037037037,0.888888888888889,0.814814814814815,4.04,77
Willie Reed,MIA,0.259150518692503,0.0696969696969697,1.77049180327869,0.0103239127629372,5.9016393442623,0.327868852459016,0.655737704918033,0.262295081967213,3.88,82
Justin Holiday,NYK,0.146390711761737,0.165178571428571,2.93193717277487,0.0161238310222509,5.86387434554974,1.67539267015707,1.04712041884817,0.942408376963351,3.99,78
JaMychal Green,MEM,0.204765817584224,0.192261904761905,2.48,0.0148226574907358,6.8,0.933333333333333,0.933333333333333,0.48,3.99,81
Aron Baynes,DET,0.308218132991547,0.0632183908045977,0.888888888888889,0.0119595766309873,8.39506172839506,0.740740740740741,0.740740740740741,0.345679012345679,3.88,82
Alex Len,PHX,0.401143611172201,0.116935483870968,1.70212765957447,0.0367478180983004,10.0425531914894,1.02127659574468,2.5531914893617,0.340425531914894,3.74,85
Allen Crabbe,POR,0.0739944734418176,0.13841059602649,2.01428571428571,0.00629326620516048,3.57142857142857,0.714285714285714,0.428571428571429,0.642857142857143,3.87,78
Andre Roberson,OKC,0.207837769597746,0.15527950310559,3.11974110032363,0.0204744488185312,4.53074433656958,1.55339805825243,1.42394822006473,0.711974110032363,4.19,79
Anthony Bennett,BKN,0.199716936625256,0.136986301369863,1.78640776699029,0,10.0970873786408,0.776699029126214,0,0.310679611650485,3.83,80
Ben McLemore,SAC,0.0799716914366596,0.177659574468085,2.06451612903226,0.00424989375265618,2.83870967741935,0.774193548387097,0.258064516129032,0.180645161290323,4.26,77
CJ McCollum,POR,0.132743621353494,0.207909604519774,2.16909620991254,0.00826593154982084,3.38192419825073,1.39941690962099,0.583090379008746,0.85131195335277,3.84,75
Cody Zeller,CHA,0.243415177543937,0.0532934131736527,2.42914979757085,0.0273627444832717,6.63967611336032,0.809716599190283,1.94331983805668,0.809716599190283,3.79,84
Dennis Schroder,ATL,0.0781948632629718,0.146706586826347,1.91186440677966,0.00379048115420151,3.52542372881356,1.08474576271186,0.271186440677966,1.23389830508475,3.81,73
Dewayne Dedmon,SAS,0.45001802348745,0.136144578313253,2.87769784172662,0.0651852541642901,10.6474820143885,1.72661870503597,4.02877697841727,1.52517985611511,3.7,84
Gorgui Dieng,MIN,0.300946728249284,0.169811320754717,3.53697749196141,0.0251029462169377,7.07395498392283,1.28617363344051,1.67202572347267,0.514469453376206,3.83,83
Isaiah Canaan,CHI,0.0726065760813194,0.125,2.38095238095238,0.00283266057644643,2.85714285714286,1.52380952380952,0.19047619047619,0.952380952380952,4.27,72
Kelly Olynyk,BOS,0.248834275056229,0.209322033898305,2.73488372093023,0.00578264483718241,6.13953488372093,0.930232558139535,0.372093023255814,0.613953488372093,3.78,84
Kentavious Caldwell-Pope,DET,0.0583247687564234,0.121511627906977,2.64242424242424,0.00178189593727726,3.03030303030303,1.33333333333333,0.121212121212121,0.933333333333333,3.87,77
Mason Plumlee,POR,0.259295314421981,0.129197080291971,2.1978021978022,0.0213546310186693,7.47252747252747,1.17216117216117,1.46520146520147,0.659340659340659,3.84,83
Mike Muscala,ATL,0.297984937919805,0.147619047619048,1.56363636363636,0.0188349253329746,5.27272727272727,1.09090909090909,1.27272727272727,0.418181818181818,4.04,83
Otto Porter,WAS,0.119951668743074,0.187434554973822,4.31123919308357,0.00846987477290148,6.9164265129683,2.30547550432277,0.576368876080692,0.853025936599424,4.07,80
Robert Covington,PHI,0.0906858114490837,0.217391304347826,6.12363636363636,0.0149313424876683,5.81818181818182,2.76363636363636,1.01818181818182,0.378181818181818,3.86,81
Rudy Gobert,UTA,0.331236625380974,0.0585714285714286,2.17610062893082,0.0494743351886209,10.062893081761,0.754716981132075,3.27044025157233,0.40251572327044,3.92,85
Shabazz Muhammad,MIN,0.0633251687675488,0.170103092783505,1.30864197530864,0.00378229131207686,3.7037037037037,0.493827160493827,0.246913580246914,0.148148148148148,4.15,78
Steven Adams,OKC,0.271184568438203,0.123225806451613,2.58278145695364,0.0174042524390126,6.49006622516556,1.58940397350993,1.19205298013245,1.08609271523179,3.81,84
Tim Hardaway Jr.,ATL,0.09041747782825,0.191735537190083,1.0377358490566,0.00567939798381372,2.83018867924528,0.754716981132076,0.377358490566038,0.679245283018868,3.77,78
Tony Snell,MIL,0.103825396071728,0.164516129032258,1.86577181208054,0.00199236922586494,4.83221476510067,0.536912751677852,0.134228187919463,0.228187919463087,3.89,79
Trey Burke,WAS,0.112616426756986,0.184057971014493,2.9,0.00534473543559594,1.33333333333333,0.666666666666667,0.333333333333333,0.233333333333333,4.2,73
Victor Oladipo,OKC,0.0818155947638019,0.196354166666667,2.68181818181818,0.00488854125928823,4.43181818181818,1.13636363636364,0.340909090909091,1.23863636363636,3.95,76
Giannis Antetokounmpo,MIL,0.188919850753318,0.210849056603774,3.70674486803519,0.0377664573775487,8.32844574780058,2.58064516129032,2.58064516129032,1.60703812316716,3.65,83
Lucas Nogueira,TOR,0.426676710338705,0.1544,3.29032258064516,0.0579048109247077,5.59139784946237,2.58064516129032,3.87096774193548,0.43010752688172,3.93,84
James Ennis,MEM,0.130577450018606,0.204895104895105,2.45205479452055,0.00227992977816283,4.93150684931507,1.23287671232877,0.136986301369863,0.876712328767123,4.19,79
Alex Abrines,OKC,0.122890993651764,0.098780487804878,1.58730158730159,0.00436138430337789,2.53968253968254,0.952380952380952,0.317460317460317,0.412698412698413,3.93,78
Matthew Dellavedova,MIL,0.101703958117977,0.182162162162162,2.01418439716312,0.00206232341355771,3.12056737588653,1.13475177304965,0.141843971631206,0.666666666666667,3.76,76
Solomon Hill,NOP,0.132754819423631,0.215151515151515,4.3956043956044,0.0103384284554905,5.12820512820513,1.61172161172161,0.732600732600733,0.659340659340659,3.86,79
Joffrey Lauvergne,OKC,0.170588683268601,0.225609756097561,1.6551724137931,0.0121883093799198,8,1.37931034482759,0.827586206896552,0.275862068965517,3.76,83
Ian Clark,GSW,0.108147193360265,0.123456790123457,2.27737226277372,0.00833185790016351,3.5036496350365,1.16788321167883,0.583941605839416,1.13868613138686,3.97,75
Seth Curry,DAL,0.0533962949509626,0.128476821192053,3.2,0.00469153178512784,3,1.57142857142857,0.285714285714286,0.671428571428571,3.93,74
Troy Daniels,MEM,0.0798598588283786,0.150434782608696,1.48979591836735,0.00647060726649196,1.83673469387755,0.612244897959184,0.408163265306122,0.551020408163265,3.81,76
Rodney McGruder,MIA,0.0888089483446687,0.14954128440367,2.11764705882353,0.00798158913439666,3.02521008403361,1.17647058823529,0.504201680672269,1.59663865546218,4.3,76
Jonathon Simmons,SAS,0.0765033169270276,0.192307692307692,3.68586387434555,0.0137494843943352,3.97905759162304,1.67539267015707,0.837696335078534,0.691099476439791,3.84,78
Jamal Crawford,LAC,0.0407663355891898,0.06875,2.1501976284585,0,2.37154150197628,1.10671936758893,0,0.569169960474308,3.68,77
Jordan McRae,CLE,0.0736241487207804,0.162686567164179,1.71428571428571,0.00493035868359423,3.80952380952381,1.14285714285714,0.380952380952381,0.342857142857143,3.63,77
Zach LaVine,MIN,0.0620198093122281,0.157216494845361,2.1505376344086,0.00319427585766307,2.90322580645161,0.967741935483871,0.21505376344086,0.623655913978495,3.98,77
Elfrid Payton,ORL,0.0898591549295775,0.15,3.90277777777778,0.0119760479041916,4.30555555555556,1.66666666666667,0.833333333333333,1.125,4.06,76
Semaj Christon,OKC,0.107856191744341,0.104109589041096,1.87878787878788,0,2.72727272727273,0.909090909090909,0,0.303030303030303,3.89,75
Jordan Clarkson,LAL,0.0963804137972971,0.149375,3.10489510489511,0.00204538714065105,2.93706293706294,2.37762237762238,0.13986013986014,0.671328671328671,3.98,77
KJ McDaniels,HOU,0.158285243198681,0.20506329113924,2.3,0.0299550673989016,4,1,2,1.03333333333333,3.91,78
Gary Harris,DEN,0.0345476844414503,0.181818181818182,4.22907488986784,0.00500682179469527,4.58149779735683,0.704845814977974,0.352422907488987,0.704845814977974,4.06,76
Nik Stauskas,PHI,0.0966038741484701,0.156428571428571,1.16030534351145,0.0113586024375561,3.66412213740458,0.610687022900763,0.763358778625954,0.50381679389313,3.95,78
Rodney Hood,UTA,0.107867855379097,0.15625,1.15015974440895,0.00567397348363059,5.36741214057508,1.0223642172524,0.383386581469649,0.894568690095846,3.88,80
Glenn Robinson,IND,0.148508453467743,0.201470588235294,1.63730569948187,0.00860134897823142,4.76683937823834,1.03626943005181,0.621761658031088,0.227979274611399,4.24,78
Jerami Grant,OKC,0.217005826226463,0.225454545454545,2.21105527638191,0.0288300755347979,4.82412060301508,1.20603015075377,2.01005025125628,0.201005025125628,4.01,81
Joe Harris,BKN,0.11959234608985,0.184713375796178,1.81818181818182,0.00224476968663015,4.11067193675889,1.10671936758893,0.158102766798419,0.553359683794466,4.02,78
Doug McDermott,CHI,0.126408721532957,0.171544715447154,0.556962025316456,0.00236949979859252,4.21940928270042,0.675105485232068,0.168776371308017,0,4.15,80
Sean Kilpatrick,BKN,0.0734115390953901,0.14792899408284,2.0863309352518,0.00397823903249227,6.18705035971223,0.863309352517986,0.287769784172662,0.575539568345324,3.95,76
Aaron Gordon,ORL,0.129831061289761,0.164,1.47286821705426,0.0136117696434851,5.11627906976744,1.24031007751938,0.930232558139535,0.806201550387597,3.95,81
TJ Warren,PHX,0.0525890957121542,0.0890243902439024,3.61609907120743,0.00523715587521603,2.84829721362229,2.35294117647059,0.371517027863777,0.953560371517028,4.21,80
Marcus Smart,BOS,0.0929482480574696,0.207100591715976,3.1344262295082,0.00784236839525537,4.0655737704918,1.57377049180328,0.524590163934426,1.1672131147541,3.72,76
Kyle Anderson,SAS,0.111724585904514,0.135897435897436,2.85714285714286,0.0129338219443846,6.28571428571429,2,0.857142857142857,0.8,3.93,81
Dwight Powell,DAL,0.351866640047914,0.224299065420561,4.6078431372549,0.0227745965642894,6.66666666666667,2.74509803921569,1.37254901960784,0.980392156862745,4.04,83
Noah Vonleh,POR,0.292728989612842,0.134285714285714,1.75700934579439,0.0214488712531503,10.0934579439252,0.747663551401869,1.49532710280374,0.897196261682243,3.98,81
Julius Randle,LAL,0.185654772686108,0.191358024691358,2.30215827338129,0.0101366419332603,9.92805755395683,1.15107913669065,0.719424460431655,0.719424460431655,3.61,81
Andrew Wiggins,MIN,0.108490278539648,0.194871794871795,1.53424657534247,0.00660965836328335,3.06849315068493,0.657534246575342,0.438356164383562,0.438356164383562,3.63,80
Jabari Parker,MIL,0.116236832546313,0.215942028985507,2.60493827160494,0.00531076846819735,5.18518518518519,1.35802469135802,0.37037037037037,1.03703703703704,4.03,80
Joel Embiid,PHI,0.397896446386451,0.103623188405797,2.07725321888412,0.0605128463730113,9.6137339055794,0.686695278969957,4.12017167381974,0.738197424892704,3.79,84
Dante Exum,UTA,0.10645263491393,0.238,1.58048780487805,0.00890934739030366,3.1219512195122,0.390243902439024,0.585365853658537,1.01463414634146,4.14,78
Dario Saric,PHI,0.194025584220682,0.188970588235294,1.61290322580645,0.00480931082575867,8.2258064516129,0.806451612903226,0.32258064516129,0.612903225806452,4.02,82
Clint Capela,HOU,0.320841551610782,0.132857142857143,1.16475095785441,0.0427735254389914,9.04214559386973,0.613026819923372,2.91187739463602,0.659003831417624,3.82,82
Jusuf Nurkic,DEN,0.268043543095735,0.0869565217391304,3.61111111111111,0.0287026406429392,8.88888888888889,1.2962962962963,2.03703703703704,0.703703703703704,3.92,84
Nikola Jokic,DEN,0.275347869435173,0.142735042735043,2.17872340425532,0.0148015664991212,8.34042553191489,1.19148936170213,1.02127659574468,0.561702127659575,3.77,82
Kristaps Porzingis,NYK,0.265573651213271,0.222826086956522,1.16618075801749,0.028508422561901,6.41399416909621,0.816326530612245,1.98250728862974,0.75801749271137,3.71,87
Tyler Johnson,MIA,0.115704368197012,0.222627737226277,3.11409395973154,0.0102663080303061,5.50335570469799,1.61073825503356,0.671140939597315,0.845637583892617,3.9,76
Tim Frazier,NOP,0.0776709918473499,0.168253968253968,2.78827361563518,0.00366547080681594,3.64820846905537,1.43322475570033,0.260586319218241,0.768729641693811,3.81,73
Tarik Black,LAL,0.353422843036908,0.149462365591398,2.25974025974026,0.0231579759928982,7.53246753246753,0.779220779220779,1.55844155844156,0.571428571428571,3.88,81
Langston Galloway,NOP,0.0901495162708883,0.146774193548387,3.46666666666667,0,3.80952380952381,2.0952380952381,0,1.04761904761905,3.84,74
Joe Ingles,UTA,0.0567810805439628,0.118181818181818,4.02453987730061,0,4.41717791411043,1.71779141104294,0,0.883435582822086,4.01,80
TJ McConnell,PHI,0.116363636363636,0.116981132075472,5.82222222222222,0.0033500837520938,4,2.66666666666667,0.222222222222222,0.844444444444444,4.18,74
Tyson Chandler,PHX,0.222935953145664,0.0496296296296296,1.89393939393939,0.011047770559901,13.4848484848485,1.06060606060606,0.757575757575758,0.5,3.62,85
Pau Gasol,SAS,0.291076475266961,0.116935483870968,1.37931034482759,0.0286085515728743,9.19540229885057,0.766283524904214,1.83908045977011,0.0766283524904215,3.74,84
Joe Johnson,UTA,0.0686766265753375,0.202678571428571,1.50413223140496,0.00256334670545865,4.95867768595041,0.826446280991736,0.165289256198347,0.743801652892562,3.67,79
Richard Jefferson,CLE,0.159281496551382,0.230476190476191,1.35483870967742,0.00652464685348905,4.73118279569892,0.860215053763441,0.43010752688172,1.01075268817204,3.76,79
Zach Randolph,MEM,0.150254140792825,0.12962962962963,2.152466367713,0.00311553170442951,10.9417040358744,0.896860986547085,0.179372197309417,0.591928251121076,3.85,81
Tony Parker,SAS,0.0645889400121538,0.17890625,1.33852140077821,0.00240399062443656,2.49027237354086,0.622568093385214,0.155642023346304,0.669260700389105,3.97,74
Mike Dunleavy,CLE,0.13741935483871,0.145833333333333,1.25333333333333,0.00398406374501992,4,0.8,0.266666666666667,0.346666666666667,3.94,81
Nene,HOU,0.262630886307719,0.0989473684210526,2.74418604651163,0.0222411684027134,5.34883720930233,0.930232558139535,1.3953488372093,0.813953488372093,3.77,83
Matt Barnes,SAC,0.145861431639942,0.215625,3.92156862745098,0.0121880617934733,6.11764705882353,1.25490196078431,0.784313725490196,0.235294117647059,3.84,79
Luis Scola,BKN,0.279755483638979,0.104444444444444,2.73846153846154,0.00873171796550972,7.07692307692308,1.23076923076923,0.615384615384615,0.523076923076923,4.07,81
LeBron James,CLE,0.0731533562291997,0.138942307692308,2.12021857923497,0.00589757388554284,7.21311475409836,1.20218579234973,0.437158469945355,0.666666666666667,3.51,80
Carmelo Anthony,NYK,0.0645851896591935,0.130681818181818,1.75953079178886,0.00505005870693247,6.09970674486803,1.29032258064516,0.351906158357771,0.762463343108504,3.59,80
Dwyane Wade,CHI,0.0898818695428865,0.130718954248366,4.12820512820513,0.012905604719764,3.58974358974359,1.92307692307692,0.897435897435897,0.858974358974359,3.54,76
David West,GSW,0.385231316725979,0.110714285714286,3.61904761904762,0.0296912114014252,6.85714285714286,2.28571428571429,1.9047619047619,0.533333333333333,3.66,81
Boris Diaw,UTA,0.173758865248227,0.181176470588235,1.05882352941176,0,3.52941176470588,0.392156862745098,0,0.156862745098039,3.7,80
Leandro Barbosa,PHX,0.0199172667381645,0.0560606060606061,1.73770491803279,0,3.60655737704918,0.983606557377049,0,0.360655737704918,3.88,75
Zaza Pachulia,GSW,0.311223497374052,0.076,4,0.0170772317807283,8.65497076023392,2.10526315789474,1.16959064327485,1.00584795321637,3.82,83
Kyle Korver,ATL,0.106850117096019,0.142857142857143,1.8705035971223,0.00818665575112567,3.30935251798561,1.43884892086331,0.575539568345324,0.359712230215827,3.9,79
Dwight Howard,ATL,0.185055253464304,0.0559006211180124,3.08450704225352,0.0298175167972011,11.4084507042254,1.40845070422535,2.11267605633803,0.197183098591549,3.66,83
Shaun Livingston,GSW,0.0831691836288028,0.133980582524272,1.8728323699422,0.00349944008958567,3.69942196531792,0.92485549132948,0.23121387283237,0.994219653179191,3.87,79
Luol Deng,LAL,0.105310562233692,0.159154929577465,2.32520325203252,0.00464392690459052,6.34146341463415,1.6260162601626,0.32520325203252,0.569105691056911,3.98,81
Andre Iguodala,GSW,0.117561128308581,0.156428571428571,3.78861788617886,0.00701737971041613,4.55284552845528,1.46341463414634,0.48780487804878,0.699186991869919,3.82,78
Kris Humphries,ATL,0.263071895424837,0.0709677419354839,1.17857142857143,0.027114967462039,7.14285714285714,0.714285714285714,1.78571428571429,0.785714285714286,3.85,81
Al Jefferson,IND,0.22231370934541,0.0690721649484536,1.5,0.0123589025294554,8.15789473684211,0.263157894736842,0.789473684210526,0.631578947368421,3.78,82
JR Smith,CLE,0.075987533717778,0.152439024390244,3.7542662116041,0.00936684791517382,2.45733788395904,2.04778156996587,0.68259385665529,0.51877133105802,3.86,78
Jameer Nelson,DEN,0.0977000448459222,0.0978723404255319,1.3030303030303,0.00220662871265281,3.63636363636364,0.909090909090909,0.151515151515152,1.15151515151515,3.56,72
Tony Allen,MEM,0.141158187822408,0.220945945945946,5.55905511811024,0.0158038218909273,4.56692913385827,2.67716535433071,0.94488188976378,1.05511811023622,4.08,76
Beno Udrih,DET,0.0975538517707192,0.152127659574468,1.73714285714286,0,3.65714285714286,0.685714285714286,0,0.434285714285714,3.69,75
Trevor Ariza,HOU,0.0667356185973207,0.147593582887701,3.63095238095238,0.0050583395157483,5.11904761904762,2.38095238095238,0.357142857142857,0.571428571428571,3.89,80
