CONTESTED_SHOTS_2PT,CONTESTED_SHOTS_3PT,BLK_PER_SHOT,DEFLECTIONS,STL,LOOSE_BALLS_RECOVERED,DREB,AVG_SPEED_DEF,HEIGHT,PLAYER_NAME,PLAYER_ID,TEAM_ABBREVIATION,CLUSTER
0.334866703124492,0.267357267932312,0.136313753951347,-0.348800060165983,-0.414310369558039,-1.02116041871253,0.7545612707148,-0.534204747173346,0.542041158440879,Marvin Williams,101107,CHA,1
-1.04812575999969,0.0845405844762691,-1.02598753951368,2.07165360806781,2.55626256059187,1.64539445715118,-0.0793893624902358,-1.91503960148088,-2.03641237828604,Chris Paul,101108,LAC,3
-0.467144677148406,1.22839414609561,-0.351367891325796,1.05065975492824,0.572963583960875,1.17099882871647,-0.52928018885404,1.48393850142997,-1.74991754087194,Raymond Felton,101109,LAC,3
1.78286543541729,-0.62140895005104,0.392688932869781,-0.795055648032041,-0.836013615746933,-2.09754806994838,0.686111150342294,-1.70260347004895,1.11503083326908,Channing Frye,101112,CLE,4
-0.173525134015885,1.59648852150947,-0.116836909557645,-0.783597034802486,-1.14391482778379,-0.423061394878378,-0.227270143378338,0.740412041418224,-0.0309485163873261,Gerald Green,101123,BOS,1
0.821493193243392,0.661282237563258,0.465602018053506,-0.880025531876848,-0.825991838429837,-0.103636160350822,1.17998244894393,0.209321712838403,0.542041158440879,David Lee,101135,SAS,4
0.263735803992197,-0.68957128369238,-0.11380449477052,-0.365340446798765,-0.344811097786015,1.15692644685783,0.272327089351737,0.63419397570226,0.255546321026776,Brandon Bass,101138,LAC,2
-0.621714404310399,0.829986116235907,-0.397705603535404,-0.573880032673484,-0.475101694748698,-0.556963244964492,-0.482128510440812,-0.852858944321237,-0.317443353801428,CJ Miles,101139,IND,3
-0.956646647978665,-0.0940668159175782,-0.319334078642384,0.692644123768618,0.837160937106792,1.12702191419143,-0.742942977102532,-0.321768615741418,-1.17692786604374,Monta Ellis,101145,IND,3
1.51895585483881,-1.78179985728882,1.24599609670367,0.114523775721269,-0.111617721653261,0.132506587286712,0.277867177477061,-0.534204747173346,0.542041158440879,Amir Johnson,101161,BOS,4
1.12591483173137,-1.73005507503139,0.299719756383669,-1.36642389421215,-1.31241507792412,-1.28223163291478,1.79313925155784,-0.427986681457382,1.11503083326908,Marcin Gortat,101162,WAS,4
-1.20886540740886,0.404711755415269,-1.21546294919879,-1.47319459077676,-1.85400240390343,0.305448670750705,-1.23946383780661,1.59015656714594,-0.317443353801428,Alan Anderson,101187,LAC,3
1.80268382175678,-0.69376588883954,1.45757836536528,-1.43631920452369,-1.16448067847467,0.624834741612366,0.0561137318918146,0.368648811412351,1.11503083326908,Jahlil Okafor,1626143,PHI,4
-0.845640294476579,0.106467398476121,-0.769914132001594,-0.752221555511569,-0.335682209805624,-1.03885602013211,-0.588374375779518,-0.321768615741418,-0.603938191215531,Emmanuel Mudiay,1626144,DEN,3
-1.15294803485859,-0.310026739110792,-0.743235985680147,2.09653826590571,2.78934460080452,0.88856624793145,-1.18791301135223,0.740412041418224,-1.46342270345784,Tyus Jones,1626145,MIN,3
-0.744810578934109,1.38102081573182,-0.788748557658072,-0.254337884946248,0.304913895025244,1.39044171823631,0.369352317446075,1.1121752714241,-0.0309485163873261,Anthony Brown,1626148,ORL,2
1.40402975004122,1.72609994796511,1.07902018827783,-1.28621990893345,-0.763522759819937,-0.0660938364902988,-0.177976549748971,-0.640422812889308,0.255546321026776,Montrezl Harrell,1626149,HOU,4
-0.298212404077979,1.18383535328235,-0.229254457799995,0.440892940198476,0.275597035593516,0.924064756806671,-1.14701646353605,-0.799749911463256,-0.317443353801428,Andrew Harrison,1626150,MEM,3
0.507947201887981,0.816420745874803,-0.249228300663768,-0.279823993911493,-0.332010809204815,0.399728629518208,-0.0343821683068997,0.952848172850153,0.542041158440879,Sam Dekker,1626155,HOU,1
-0.77858107880145,-0.183372326826255,-0.596376890059775,1.10165497486578,1.56574386359255,0.163221657958447,-0.584045453912571,0.103103647122439,-0.603938191215531,D'Angelo Russell,1626156,LAL,3
0.914599255615714,0.180933262820441,0.876423581909409,-1.39461611285387,-1.04691906765997,0.155982205513912,1.59418825536536,-0.00311441859352517,1.40152567068319,Karl-Anthony Towns,1626157,MIN,4
1.4469300199963,-1.51426201715772,1.76700492808636,0.488544340733786,0.319790024192333,0.3155172167058,0.804966990543564,0.0499946142644581,0.828535995854981,Richaun Holmes,1626158,PHI,4
-0.14100713942956,0.542516776963954,-0.705753213106429,0.434270463186623,0.815846769415365,-1.11745073756412,-0.451009076998666,-0.321768615741418,-0.0309485163873261,Justise Winslow,1626159,MIA,2
1.06249433544858,-0.425585806186929,0.442921569749178,0.505814107492745,0.579562430292906,1.22138703472645,0.607540716473853,0.793521074276205,1.40152567068319,Willie Cauley-Stein,1626161,SAC,4
-0.538445307605696,0.910670579948915,-0.595374201922318,2.66421952283274,0.380797180170498,0.823880076203269,-0.204863964455898,0.899739139992172,-0.0309485163873261,Kelly Oubre Jr.,1626162,WAS,2
0.749252539292471,-0.106024438680329,-0.0852007937426871,-0.826470492305491,-0.362859014252995,-0.639737499048752,0.138182361115248,-0.746640878605272,1.40152567068319,Frank Kaminsky,1626163,CHA,4
-1.00321676830782,0.12072321270639,-0.723461178397627,-0.817738309653487,-0.465593307988108,-0.0186987760509966,-1.13098602658341,-0.90596797717922,-0.317443353801428,Devin Booker,1626164,PHX,3
1.30649291872218,-1.27767860454673,2.74160447511868,-0.25628391422298,-0.210225206417969,-1.09298681267518,0.652972600003223,-0.746640878605272,1.11503083326908,Myles Turner,1626167,IND,4
0.11712437059038,0.658367638033344,-0.0618589105209131,-0.893555748547054,-0.600199988032609,-1.05669501271363,0.44086591485104,0.156212679980422,0.828535995854981,Trey Lyles,1626168,UTA,1
-0.520270033289132,-0.55077479551941,-0.078250580257425,0.603861026092616,0.805743576983922,-0.380063413116942,-0.405746947898461,1.21839333714006,-0.0309485163873261,Stanley Johnson,1626169,DET,3
-0.555208279464552,0.132437454773816,-0.832289121243458,0.748381412332206,1.16076208571412,-0.397992579004064,-0.873078616877013,1.1121752714241,-0.890433028629633,Jerian Grant,1626170,CHI,3
0.357943672037066,1.72041702673883,-0.418698363134747,-1.15154583739597,-1.56831920113189,-0.643109889775139,1.35716679470847,0.952848172850153,1.11503083326908,Bobby Portis,1626171,CHI,4
-0.539395655335083,-0.803874273952472,-0.0934618874376206,0.222884873995924,0.557669061621213,-1.55620831719721,-0.621158204622349,1.6963746328619,-0.317443353801428,Rashad Vaughn,1626173,MIL,3
0.240514397074188,1.03153193850262,0.0693532637956644,1.37632288376032,1.22535763484119,2.10055783037907,1.07168266171986,1.21839333714006,-0.0309485163873261,Rondae Hollis-Jefferson,1626178,BKN,2
-0.954029453891443,-0.716466104930049,-0.49702427796246,0.135253239202071,0.322283710584504,0.990082407608914,0.118924748296121,1.32461140285603,-1.46342270345784,Terry Rozier,1626179,BOS,3
-0.709990120672452,-0.27441419642695,-0.491427796916682,0.608997891082873,0.220975959501443,1.74177323927356,-0.561860737007843,0.899739139992172,-0.890433028629633,Norman Powell,1626181,TOR,3
0.825845108944547,-0.218542477675516,-0.24793469088802,0.051475532979914,-0.0987398784936915,-0.248993182497358,1.39500409472249,1.59015656714594,0.828535995854981,Jarell Martin,1626185,MEM,4
1.55183499950116,-1.3501009530715,0.382024377260047,0.424364016285749,-0.292761305544229,0.392698495042763,1.96643094327666,0.952848172850153,1.11503083326908,Willy Hernangomez,1626195,NYK,4
-0.320482756312684,0.415357622155179,0.249477192036989,0.453696787104512,0.224243342226531,0.0244197725962434,-0.897199855455311,0.209321712838403,-0.317443353801428,Josh Richardson,1626196,MIA,3
0.367899358037554,0.120296414739592,0.4115761051392,2.13293832693115,2.35742125233804,1.3923386880199,0.564948325665067,0.527975909986296,0.542041158440879,Larry Nance Jr.,1626204,LAL,2
-0.336786835840514,0.860915160659227,-0.361273135414857,1.33474471406527,-0.262459590830042,-0.267642527853393,-0.0876624131692906,0.952848172850153,0.255546321026776,Mario Hezonja,1626209,ORL,2
1.98087300325266,-1.48969221551303,1.5212585112314,0.0828116872475915,0.905909513375658,1.39044171823631,2.69465011347968,-0.481095714315363,0.255546321026776,Alan Williams,1626210,PHX,4
1.25003070338948,-1.51651842751284,-0.0498693819029363,-1.18242651621985,-0.479825606642494,0.326785387094662,0.719355237465884,0.474866877128315,0.542041158440879,Cristiano Felicio,1626245,CHI,4
3.00396965301459,-2.44568086132471,3.78141640606177,0.432221243884843,0.0885554724190951,0.758158925727436,1.81348463287747,1.00595720570813,1.97451534551139,Salah Mejri,1626257,DAL,4
-0.34729077236566,-0.563998984533406,-0.631143760357617,0.986241608854383,0.684182974566767,1.3821908205368,-0.722598972566642,0.899739139992172,-1.17692786604374,Marcelo Huertas,1626273,LAL,3
-1.03622731605352,-0.983193643993535,-1.21546294919879,0.39562158444348,-0.136994647879473,0.340636322704499,-0.879685353178789,-0.481095714315363,-1.17692786604374,Malcolm Delaney,1627098,ATL,3
1.58065462454874,2.19086407086195,1.30208018564564,-1.18040456701114,-1.31682031322191,-0.0563139033837762,-0.0512215947020255,-0.215550550025454,1.68802050809729,Dragan Bender,1627733,PHX,4
0.757345002563451,0.804211912549807,0.00194368422302729,-0.841065711880981,-0.553651274046777,0.358490155961842,0.177034454616227,-0.852858944321237,1.11503083326908,Domantas Sabonis,1627734,OKC,4
-0.260938317048888,0.600000914113791,-0.23679362555481,0.0996197304361403,0.81382147508003,1.38701493411111,-0.871267092407171,1.74948366571989,-0.890433028629633,Wade Baldwin IV,1627735,MEM,3
0.317515276897903,0.671409235929907,1.33582927376643,0.565548574706952,0.588402394247137,-0.842399092700508,0.149407317374375,0.368648811412351,0.828535995854981,Marquese Chriss,1627737,PHX,2
-0.170393848329515,0.126028178059321,0.678233512097251,3.08831081477235,2.42607490096788,1.21047507900228,-0.4621396189065,1.80259269857787,-0.890433028629633,Kris Dunn,1627739,MIN,3
-0.469769294942706,0.706458530276918,-0.193875047322215,-0.999163756452172,-1.19237622681662,-0.512146771705094,-0.419156969790236,0.209321712838403,0.542041158440879,Brandon Ingram,1627742,LAL,1
0.938909242719748,0.482034366473567,-0.170411227371184,-0.321985432244958,-0.637475684044932,2.98703924497143,1.12465770556911,0.156212679980422,1.11503083326908,Skal Labissiere,1627746,SAC,4
-0.343957128054705,0.641904089337345,-0.349861336279645,-0.428558716510528,-0.19831210120118,0.430810994410011,-0.662421723503615,1.21839333714006,-0.890433028629633,Jamal Murray,1627750,DEN,3
2.09596807462786,-1.64664557527315,1.15598730564727,0.0291742553076622,-0.446330627912774,0.221908331543163,-0.150780084298285,2.06813786286778,1.40152567068319,Jakob Poeltl,1627751,TOR,4
-0.0457106106396804,0.867314273298534,0.570767230822723,1.06932161559794,1.08882122330839,0.849392945176806,0.0896172442390238,-0.268659582883435,0.255546321026776,Taurean Prince,1627752,ATL,2
-1.24526687278677,-1.53706102228748,-0.888348621616373,1.15228870098402,1.21653646218598,0.523888869677346,-1.14944804666931,1.16528430428208,-2.60940205311425,Tyler Ulis,1627755,PHX,3
-0.729075530716669,-0.111397905774826,-0.86629073734084,-0.343501408171065,-0.224372018862906,-0.203012899981617,0.0752132720745985,0.687303008560243,-0.317443353801428,Denzel Valentine,1627756,CHI,3
-0.511057256211074,-0.838479766416537,-0.463128709883618,1.64793712062838,1.23548775569685,1.00938332351409,-0.728156659289652,1.43082946857199,-0.890433028629633,Ron Baker,1627758,NYK,3
-0.387259365118051,0.6832309564722,-0.48910251340875,-0.194651118577004,-0.661599526298522,-0.473247893714482,-0.0586341651726076,1.43082946857199,-0.0309485163873261,Jaylen Brown,1627759,BOS,1
-0.62144662045547,0.438218220207199,-0.748704332769735,0.217555855894529,0.917249053344534,0.343371664705436,-0.972254454644815,-0.587313780031327,-0.603938191215531,Malcolm Brogdon,1627763,MIL,3
-0.362057331686691,-0.341407003015087,-0.4205419513185,0.618456245668107,-0.328788967861247,0.320912087867814,-1.11757280382712,0.581084942844279,-0.0309485163873261,Patrick McCaw,1627775,GSW,3
1.44978969545305,1.36066340476233,2.0369686658002,0.97488687109062,0.166526746062977,-0.446224394341195,0.0062258264449818,1.90881076429383,0.542041158440879,Pascal Siakam,1627783,TOR,2
-0.217535862390286,0.327389144356971,0.078788728593049,0.274203666614195,-0.376214472438559,-0.216704806330749,-0.789217110753127,0.581084942844279,-0.890433028629633,Isaiah Whitehead,1627785,BKN,3
-0.318511979103141,1.19835451049117,-0.479097747792607,-0.331332064357437,-0.600199988032609,0.576435985556307,-0.628151778315965,1.6963746328619,-0.317443353801428,Timothe Luwawu-Cabarrot,1627789,PHI,3
-0.966275953606282,-0.0437593887228581,-0.713295852554628,0.805189202001592,0.717361868402979,2.95015259159785,-1.12325369817096,1.00595720570813,-2.03641237828604,Yogi Ferrell,1627812,DAL,3
0.404064564805393,0.953702293929184,-0.369570548285752,-0.461974087643889,0.576039737890092,1.34890806402712,0.623322318120897,0.899739139992172,0.542041158440879,Juan Hernangomez,1627823,DEN,2
2.33808101544882,-0.648422207198747,1.88958941287308,-1.15659611507862,-0.521455080206576,-0.434063819623216,0.992746298948506,-0.799749911463256,1.68802050809729,Ivica Zubac,1627826,LAL,4
0.149267653502938,1.33222839723843,-0.230145571707287,-0.244018551306692,-0.0725959154963731,-0.682917657696161,-0.661995052019242,1.37772043571401,0.255546321026776,Dorian Finney-Smith,1627827,DAL,1
0.0279931440719697,1.16233769008298,0.0303122129831093,-1.28621990893345,-1.31682031322191,-1.39290476127521,-0.285952992937109,0.421757844270332,0.255546321026776,Paul Zipser,1627835,CHI,1
-0.789544645881892,-0.585100808723479,-0.397527612919876,-0.439697173554982,-0.328788967861247,0.0694280937000875,-0.996853799020503,0.793521074276205,0.542041158440879,Mindaugas Kuzminskas,1627851,NYK,3
-0.432724124541585,-0.147822736105484,0.208983745165881,-0.934383897041776,-1.06610735933664,-1.43528447140348,-1.00364424304088,2.06813786286778,-0.0309485163873261,Derrick Jones, Jr.,1627884,PHX,3
-0.417925935883241,0.372494000807645,0.143934348913322,0.039256479356521,0.122425346943134,-0.689435888700773,-0.577514098113317,-1.38394927290106,-0.317443353801428,Vince Carter,1713,MEM,3
0.49157947626531,-0.891375183737785,0.185945659856074,-0.553712228319979,-0.770668669181217,-1.32842697351265,1.61441854849379,-2.60545702863465,1.40152567068319,Dirk Nowitzki,1717,DAL,4
0.392774822199328,0.974966011970217,-0.164199917735225,-1.42315741024468,-1.23545302595691,-0.901990472006623,0.536987673816477,-1.49016733861702,-0.0309485163873261,Paul Pierce,1718,LAC,1
-0.804646984706562,1.40217343806731,-0.202238409428536,0.0518321566647746,0.111044340718658,-0.368640799366276,-1.30059839175973,0.527975909986296,-1.46342270345784,Jason Terry,1891,MIL,3
-1.11086279746121,-1.23798243908921,-0.531583049906979,2.36952948457599,2.92215287816414,1.75139631275736,-0.632749703877973,-0.693531845747291,-0.317443353801428,Manu Ginobili,1938,SAS,3
0.809670981257129,0.0496381862133496,1.24145102253972,-1.03329543311915,-1.10595996512664,-0.728982473149485,0.259654379058097,-0.109332484309489,1.11503083326908,LaMarcus Aldridge,200746,SAS,4
-0.774362137985454,-0.948433938104942,-0.903756852044432,-0.768900459535498,-0.394657724218624,-0.414911450622942,-0.379845552231141,-0.0562234514515061,-0.890433028629633,Randy Foye,200751,BKN,3
-0.305491106159779,0.698821058733873,0.434316321741021,0.913987851510294,1.16728926455173,0.981863611000943,0.28462486738817,0.315539778554367,0.255546321026776,Rudy Gay,200752,SAC,2
-0.911985987494201,-1.50643723956387,-1.0053823111499,-0.608551442579943,-0.536906208692535,-1.0551155823478,-1.18692201935432,0.740412041418224,-0.890433028629633,JJ Redick,200755,LAC,3
-0.242429770575579,0.535103611951468,-0.062832228613105,2.24286473788085,2.68337145799503,0.522552407515812,-0.0474151395955109,0.474866877128315,-0.0309485163873261,Thabo Sefolosha,200757,ATL,2
-1.22285415724956,-0.556217795055606,-0.776353809875486,1.80927367565946,1.85225336018116,1.4982575531008,0.269344419305587,-0.00311441859352517,-1.74991754087194,Rajon Rondo,200765,CHI,3
-1.03458025485881,-0.575812593385907,-0.739043390405767,1.59430884339607,0.527504864784657,0.302283643855391,-0.614576950466225,-1.43705830575904,-2.03641237828604,Kyle Lowry,200768,TOR,3
-1.18808257549196,-1.23822563694082,-0.94022522837382,-0.256536985294842,0.0354091334331293,0.473907582077478,-0.853939820235991,0.421757844270332,-1.17692786604374,Sergio Rodriguez,200771,PHI,3
0.664598418248885,1.10293137001773,0.308514485070598,1.27258745027874,0.622154983890564,0.47455577931926,0.728967750634171,-0.481095714315363,0.255546321026776,Paul Millsap,200794,ATL,2
-1.20335480691771,-0.795644458653746,-1.21546294919879,-1.81102604420733,-1.52771848380113,-0.0786805665421918,-0.774362718412797,-1.54327637147501,-2.03641237828604,J.J. Barea,200826,DAL,3
-0.0897632279194199,0.288727838827822,1.43324795027696,0.234875631199737,0.152876313002073,-0.129663401682697,1.56842505312005,-1.8619305686229,0.542041158440879,Kevin Durant,201142,GSW,2
0.985412574941993,1.21110630844675,1.13266084099523,-0.819848587127721,-0.817315577511795,0.861913149395302,0.512133761062174,-0.959077010037201,0.828535995854981,Al Horford,201143,BOS,4
-0.767183907105304,0.707856043384852,-0.641706656096966,0.512640903745798,0.671592769316419,2.07082154728491,-0.808230354010168,-0.746640878605272,-1.74991754087194,Mike Conley,201144,MEM,3
-0.113102606362509,1.03969440986371,-0.67809908271328,-0.724075904971187,-0.754877485548031,-0.75313413722352,-0.464935684091359,-0.959077010037201,0.542041158440879,Jeff Green,201145,ORL,1
1.13925853885198,-1.52952507575518,0.885774443780032,-0.455018852023371,0.0601645481857078,-0.997577148522863,1.72997548602302,0.474866877128315,1.11503083326908,Joakim Noah,201149,NYK,4
1.0784345231867,-1.53929539996552,1.09030769675399,-1.32625814641757,-0.933624372521218,-1.36867519727257,0.911811547246234,-0.640422812889308,1.68802050809729,Spencer Hawes,201150,MIL,4
0.0456594659670823,1.32706004446782,-0.440987551362904,1.4551356934259,1.93219438989431,1.05586918710218,0.0896172442390242,0.474866877128315,0.255546321026776,Thaddeus Young,201152,IND,2
-0.825368335439557,-0.489288168015404,-1.21546294919879,-1.17863112552641,-0.752704092574647,0.227249520207581,-0.462722783339841,-1.27773120718509,-0.603938191215531,Rodney Stuckey,201155,IND,3
-0.849552957608037,-0.00530848485645333,-0.752502182216829,0.0121629351943372,-0.681275826206131,-1.47572581641153,-1.14367421027179,-0.534204747173346,-0.0309485163873261,Nick Young,201156,LAL,3
-0.940987445395477,1.1562376493464,-0.965028115753034,-0.489959460968078,-0.521455080206576,-1.17856122735726,-0.818793266930747,0.0499946142644581,-0.603938191215531,Marco Belinelli,201158,CHA,3
1.56665335342579,0.833582516750247,1.8379475905483,-0.959286990442457,-0.897077341675585,-0.98911717830246,0.736504601030329,0.740412041418224,1.40152567068319,Jason Smith,201160,WAS,4
0.245240045817407,0.27019597336757,-0.368758340516094,0.305954862047082,0.150452404327708,-1.0379632637955,0.0422322143149329,-1.64949443719097,-0.0309485163873261,Jared Dudley,201162,PHX,1
-0.404250400677217,1.27845726037403,-0.470902818890304,-0.746220325317025,-0.732288220514988,-1.05765286080646,0.359482632403488,-1.06529507575316,0.255546321026776,Wilson Chandler,201163,DEN,1
-0.524099057240363,0.613482805272674,-0.748168567599362,-0.331530379589955,-0.118008947517641,-0.454031183049034,-1.3938851926067,-0.109332484309489,-2.03641237828604,Aaron Brooks,201166,IND,3
-0.84926483585833,0.210374259622081,-0.975473050151176,-1.77239850695487,-1.35420528304636,-2.14181855772065,-1.14367421027179,-0.374877648599399,-0.603938191215531,Arron Afflalo,201167,SAC,3
0.230909589565899,-0.222719311425256,-0.496338981013134,-0.0702609508898114,-0.181440940634051,-0.719427286849161,-0.0862277801035589,-1.27773120718509,0.828535995854981,Josh McRoberts,201177,MIA,1
0.758466685350174,-1.7458481475318,1.21424472146621,-0.642126523319399,-0.426732944705696,-0.747712652566643,0.332104984328832,-2.65856606149263,1.68802050809729,Marc Gasol,201188,MEM,4
-0.953261007249701,-0.321261648409861,-0.860320523654944,-0.408344479652076,-0.010423312133924,0.519615490667006,-1.13098602658341,-0.640422812889308,-1.17692786604374,Ramon Sessions,201196,CHA,3
0.101296446641699,-0.229978010354925,-0.373822977488478,-0.662466314444053,-0.789003568200291,-0.689435888700773,-0.266186138348892,0.103103647122439,0.255546321026776,Anthony Tolliver,201229,SAC,1
-0.0387967195670663,0.976420087620647,0.661505114985994,-0.166125801755842,-0.574591887926582,0.0224026313760416,0.476065277918735,0.687303008560243,0.828535995854981,Michael Beasley,201563,MIL,2
-0.957694303351491,-0.557729739371214,-0.695309373496803,-0.907889363352767,-0.823108650186303,1.03873768352811,-0.916622091210569,-0.374877648599399,-1.17692786604374,Derrick Rose,201565,NYK,3
-1.28677301406709,-1.88545095598345,-0.551134910737566,0.959382909267937,1.56925626216012,1.40391184373133,2.1571476349183,-1.80882153576491,-1.17692786604374,Russell Westbrook,201566,OKC,2
-0.235122806260789,-0.692611256837595,-0.477623028854756,-0.524077253287241,-0.178201553809495,1.03520210345675,2.40462735570734,-0.109332484309489,0.828535995854981,Kevin Love,201567,CLE,4
-0.638660073905354,0.890985064959676,-0.712675663476397,-1.28621990893345,-1.15768606113727,-0.484726902297824,-0.0898587983053224,-1.75571250290693,0.828535995854981,Danilo Gallinari,201568,DEN,1
-0.979471894437191,-0.355084638510215,-0.301626415098463,-0.967072671881602,-0.738615474457791,-0.628958861164415,-1.19015947231212,-1.27773120718509,-0.890433028629633,Eric Gordon,201569,HOU,3
-1.10966762965844,0.205624097970773,-1.21546294919879,-1.07566349251952,-0.930635472649466,0.156660274418165,-1.27444623139307,-1.17151314146913,-2.03641237828604,D.J. Augustin,201571,ORL,3
1.83536998128196,-0.518480820564217,2.00711886735932,-1.14058930276241,-1.22304106688259,0.0162896678137991,-0.159595887717681,-1.01218604289518,1.40152567068319,Brook Lopez,201572,BKN,4
-0.548561231589816,-0.0019812027479487,0.1848289547995,-0.989936951550988,-0.673451065080082,-1.5642431242267,-0.959795871963589,2.22746496144172,-0.317443353801428,Brandon Rush,201575,MIN,3
2.83784181068348,-0.619673771662826,1.93043813869401,-1.91358061940522,-2.07981960839366,-1.13489086769388,-0.36146800503836,-0.587313780031327,1.40152567068319,Robin Lopez,201577,CHI,4
1.21210119377881,-0.470966814819953,0.819318507909195,-1.0125827826885,-1.03488525416358,-1.47845322072081,1.51056451100732,-1.17151314146913,0.828535995854981,Marreese Speights,201578,LAC,4
1.46117836435175,-1.34681347768791,1.30449041140095,0.476339290093618,0.480387068266241,0.314181372695442,1.56996708420334,-0.746640878605272,1.97451534551139,Alexis Ajinca,201582,NOP,4
0.0406737855227541,-0.613369290185652,-0.822957294311187,-1.48506753133779,-1.53034118114548,-1.13341928780014,-0.599453316754434,-1.64949443719097,0.828535995854981,Ryan Anderson,201583,HOU,1
-0.940124629617679,-0.139292953533138,-0.680331153035188,0.0341715315753572,0.276917204729417,0.198814786351599,-0.957488906148781,0.740412041418224,-0.603938191215531,Courtney Lee,201584,NYK,3
1.80848549150193,-1.38015184984711,1.00396700153794,-0.389963962851497,-0.521455080206576,-1.37367089283239,1.10365688461458,1.1121752714241,1.40152567068319,Kosta Koufos,201585,SAC,4
-0.65726419642799,-0.0131481084545731,-0.546536663354004,-0.111453663918432,0.0946530372933208,-0.948483311264522,0.503510975004559,0.581084942844279,0.255546321026776,Nicolas Batum,201587,CHA,1
-0.550999427947742,1.32706004446782,-0.825364381500992,0.135012402260558,0.023197198923487,-0.588097766050949,-0.781823071708722,-0.640422812889308,-1.17692786604374,George Hill,201588,UTA,3
0.679222577076304,-0.398949851009805,0.737762458373239,0.659952458186658,-0.421780153306956,1.22658320411891,-0.0097984067781875,-1.33084024004308,0.542041158440879,Darrell Arthur,201589,DEN,2
0.754292457613853,-1.17421596239517,1.93737071710504,-1.18340878807518,-1.05064404541812,-1.30117289659574,3.20850888261811,-1.49016733861702,1.11503083326908,DeAndre Jordan,201599,LAC,4
1.09122102279984,-2.15385274839272,-0.0639689495869818,-0.744933736792411,-1.58282875235747,-2.01982355015488,1.76343267626919,-0.587313780031327,1.40152567068319,Omer Asik,201600,NOP,4
0.254738136784066,0.134711255825522,-0.130134062903341,1.11097856443376,1.26104328785545,0.189073509107157,-1.15488595076734,0.527975909986296,0.255546321026776,Luc Mbah a Moute,201601,LAC,2
-0.810065004754929,-0.48109413164567,-0.860685724580558,-0.114354480480421,0.421524985152936,0.0268885125970886,-0.856315256111311,-0.0562234514515061,-1.17692786604374,Goran Dragic,201609,MIA,3
-0.371961916679575,0.11611033414092,-0.526298168210306,-0.43473223082549,-0.144510980867295,1.19729570390686,0.833048065628729,-1.59638540433299,0.828535995854981,Blake Griffin,201933,LAC,4
-0.680432895362015,0.187613655136202,-0.446596936149587,0.702528709113228,0.881211063306463,0.193677263421311,0.90918352892612,-2.97722025864052,-0.603938191215531,James Harden,201935,HOU,2
-1.14111872462369,-0.466525989184849,-1.03290381679995,2.32698688841368,1.81656445947369,1.14948028816433,-0.714194665814772,0.474866877128315,-0.890433028629633,Ricky Rubio,201937,MIN,3
-1.03948470319339,-0.328675547947317,-0.878857992194018,1.66334326381437,1.98231957609282,2.34429475139044,-0.48550971597398,-0.427986681457382,-1.17692786604374,Stephen Curry,201939,GSW,3
-1.31701456930556,-0.979593796292614,-0.882308125859997,-0.401544036185812,0.000183722340526858,0.569326324360255,-0.296003464072808,-1.49016733861702,-0.0309485163873261,DeMar DeRozan,201942,TOR,3
-0.826470165733232,0.8448320575591,-0.68510656346981,-0.574371245092466,-0.436574205536956,0.183739000139963,-0.755415789407275,0.474866877128315,-0.603938191215531,Gerald Henderson,201945,PHI,3
0.356969789111264,2.04930421369368,1.34577765256258,0.7183711038401,0.539503262782841,0.152009578773752,0.127313885145179,-0.693531845747291,0.542041158440879,James Johnson,201949,MIA,2
-0.762813848498113,1.01408757113661,-0.0195319681776014,1.59604934415276,1.5123522219226,1.22098672560407,-0.676273722812002,-1.01218604289518,-0.890433028629633,Jrue Holiday,201950,NOP,3
-1.02905348389516,-1.13119647333365,-0.96835711293207,0.681098928086113,1.13428784834882,1.44823100572368,-1.09680913500038,-0.109332484309489,-2.32290721570014,Ty Lawson,201951,SAC,3
-0.907579608066224,-0.093899514862723,-0.487511469092536,0.733062400611654,0.517573883056929,0.280416716499267,-0.425202880874721,-1.75571250290693,-1.46342270345784,Jeff Teague,201952,IND,3
-1.09827818358973,-0.740577456765432,-1.01038372716213,0.200067952935819,0.166526746062977,0.0401985943779611,-1.33637600003911,0.0499946142644581,-2.03641237828604,Darren Collison,201954,SAC,3
-0.337154561837836,1.4039378466418,-0.279972197672013,1.28942170922093,0.930950997473592,0.123725774259028,-0.428925753680296,0.63419397570226,0.255546321026776,DeMarre Carroll,201960,TOR,2
-0.810847903667289,0.780780818289717,-0.95552011825812,-0.80261756113976,-0.899560794643975,0.433491010876783,-1.12555422563251,0.156212679980422,-0.890433028629633,Wayne Ellington,201961,MIA,3
-0.932740569352178,-0.585100808723478,-0.387976333382247,1.29722295116975,1.55088042087366,1.75058837178475,-0.281372868093497,2.22746496144172,-1.46342270345784,Toney Douglas,201962,MEM,3
0.179301377039963,0.98361393557542,-0.283206966122872,-0.598420186438445,-0.625198371469445,-0.985407548503434,-0.121641014172551,1.00595720570813,0.255546321026776,Dante Cunningham,201967,NOP,1
0.303590275662715,-0.245879031177397,-0.447336788350823,-0.76772473351414,-1.06610735933664,-0.819148685692548,0.549103956284199,0.103103647122439,0.828535995854981,Jonas Jerebko,201973,BOS,1
-0.844783484959257,0.161560899979877,-0.931289512615361,1.08404375012627,1.44966745378794,0.295763688451041,-0.670912486042645,0.474866877128315,-0.890433028629633,Jodie Meeks,201975,ORL,3
-0.772166994179386,0.670325373402017,-0.452232980602197,1.61870420090765,1.55780378344305,2.89773559814017,0.0978748960336137,1.21839333714006,-1.74991754087194,Patrick Beverley,201976,HOU,3
-1.25707934446837,-0.276322011213584,-0.85005629170281,-0.2900961729062,0.304913895025244,0.115678023661969,-0.813693929658743,-0.215550550025454,-0.890433028629633,Marcus Thornton,201977,WAS,3
-0.152152446775091,1.64187353234804,0.618661577464151,1.57784867909704,0.527504864784656,-1.13862650050562,-0.605187694536822,1.48393850142997,-0.317443353801428,Danny Green,201980,SAS,2
-1.15159445404681,-0.701001582718389,-1.21546294919879,0.16838194065919,0.454482940316071,0.675189690511339,-1.32132026442833,1.1121752714241,-2.03641237828604,Patty Mills,201988,SAS,3
-0.371356326417252,1.98430223846335,-0.259678413232638,1.50826707546934,1.5911355782373,-0.0163050861298199,-0.899455511051531,0.315539778554367,-0.317443353801428,Garrett Temple,202066,SAC,3
-0.753603225763922,1.34721759359763,-0.84673011047532,0.645137478015279,0.0466063226683329,0.247172272959035,-0.716675019956442,-0.427986681457382,-0.603938191215531,Wesley Matthews,202083,DAL,3
-0.874307987538871,-1.71611057899474,-0.252124413350653,1.89637999042214,2.08808770771329,1.82820397598849,-0.787917059932132,-2.33991186434474,-0.890433028629633,John Wall,202322,WAS,3
-0.277278087029589,1.96947722656872,-0.249065832794119,-0.0139460331146334,0.0338766553770176,0.14733882130499,-0.218571273914332,-0.427986681457382,-0.0309485163873261,Evan Turner,202323,POR,1
1.36612145248579,-0.106024438680329,1.18139819445398,0.717685570458321,0.554289670274378,0.500046606535005,0.79439583246685,-0.16244151716747,0.828535995854981,Derrick Favors,202324,UTA,4
0.28888654695126,0.404711755415269,0.922562995786035,2.68496762909202,0.229158144813007,0.0299796240267181,0.984358103393929,0.0499946142644581,-0.0309485163873261,Wesley Johnson,202325,LAC,2
0.891147238914607,-1.68299874315877,0.184010633645565,1.41983110182639,1.56032696446833,0.98818295239285,1.10365688461458,0.209321712838403,1.11503083326908,Greg Monroe,202328,MIL,4
0.438012286847286,0.864351721150706,0.216391368975289,-0.0949791524472544,0.294587509830219,-0.107734170232504,1.27440582749569,-0.534204747173346,0.542041158440879,Al-Farouq Aminu,202329,POR,4
-0.784367667614082,-1.16908626722252,-0.684490931709456,-0.622580336761747,-0.181440940634051,0.633934554596816,0.016348484096281,-0.799749911463256,0.255546321026776,Gordon Hayward,202330,UTA,3
-0.611924042381747,1.12681699281042,-0.550391492797855,1.09314741641455,1.19465601157753,1.53524727758274,0.429518799672173,-0.321768615741418,0.542041158440879,Paul George,202331,IND,2
1.08940542831652,-1.80204494137229,0.593257795644923,-1.19147826558441,-1.18010434799177,-0.632875076059011,0.856042553825203,0.474866877128315,0.828535995854981,Ed Davis,202334,POR,4
0.158534609526531,1.0852566541133,-0.200733631968691,-0.57250185370039,-0.583197038974356,-1.43777894826871,0.140935039804589,-0.959077010037201,0.542041158440879,Patrick Patterson,202335,TOR,1
0.726339925572515,0.491037684199533,-0.416038569720297,-1.23904109406363,-1.03488525416358,-1.32147595047598,-0.297913828515966,0.103103647122439,0.542041158440879,Luke Babbitt,202337,MIA,1
1.59754048997919,0.20951931042664,0.938313715965865,-1.24506949818589,-1.89317193134896,-1.80040197404699,0.676445739826731,0.581084942844279,0.828535995854981,Kevin Seraphin,202338,IND,4
-0.603919248901812,-0.0845537317984434,-0.329446440864537,0.882032642820039,0.996969455549963,0.898563201743987,-0.294488680145657,-0.109332484309489,-1.74991754087194,Eric Bledsoe,202339,PHX,3
-1.00354759298656,-0.519644913145291,-0.863486201881652,0.944773018662053,0.691782331987337,1.18052554098604,0.211059117337894,1.32461140285603,-1.46342270345784,Avery Bradley,202340,BOS,3
-0.348702462518122,0.743130580526586,-0.292945692798557,0.440106193557118,1.16521004226072,1.13857308503412,1.91938635338444,0.474866877128315,0.255546321026776,Trevor Booker,202344,BKN,2
0.956737808828461,-2.01890021587307,2.65220329382879,-0.790900240916755,-0.828866182537655,-0.37311173652758,3.16128640028462,-1.01218604289518,1.40152567068319,Hassan Whiteside,202355,MIA,4
0.521955499347066,1.06040749718963,-0.158069984731834,0.292336831219023,0.157128087234158,0.62186834318329,0.366677255270597,0.0499946142644581,0.828535995854981,Nemanja Bjelica,202357,MIN,4
2.05828723683685,-0.793127838970755,0.588235945750804,-1.54764604780033,-1.41852942230315,-1.95477150641466,0.164178982501933,1.00595720570813,1.68802050809729,Timofey Mozgov,202389,LAL,4
-0.0286151195983404,-0.774612708445889,-0.276974590201527,0.975857442036402,1.63907429260811,3.3122846326015,-0.0155735898248309,-0.215550550025454,-1.17692786604374,Jeremy Lin,202391,BKN,2
-0.412381431964328,0.0334404880321732,-0.166813046438956,0.0893795360565624,0.229158144813007,0.80662137072117,-0.432314923601337,-0.321768615741418,-2.03641237828604,Ish Smith,202397,DET,3
-1.04685397212458,0.0205664430298962,-0.939289782351615,-0.376207968401597,-0.625198371469445,-0.349711896579458,-0.417402575948755,1.16528430428208,0.255546321026776,Lance Thomas,202498,NYK,3
-1.06847495377213,-1.57902610595902,-0.73594956256814,0.419523402854165,0.287742591643803,1.08207031021547,-1.17793230623042,-1.17151314146913,-1.17692786604374,Kyrie Irving,202681,CLE,3
0.89382476191519,-0.491657772779072,0.519219600226357,-0.773954982617976,-0.663980910259303,-0.922797696372892,0.954394040353695,0.0499946142644581,1.11503083326908,Enes Kanter,202683,OKC,4
1.17949535446374,0.132757086235942,0.852223907672677,-1.36496620989889,-1.25248338840772,0.155205580082878,0.856042553825202,0.687303008560243,0.542041158440879,Tristan Thompson,202684,CLE,4
1.63588699570147,-2.14227311735256,0.687794952855549,-1.28052215975302,-1.02421103017279,-0.724358564813943,2.1274469061476,-0.109332484309489,1.40152567068319,Jonas Valanciunas,202685,TOR,4
1.62338503822778,-1.23931423684806,1.78448715479964,-1.50349407768059,-1.53813933458269,0.495274323824105,1.57687538345651,0.156212679980422,0.542041158440879,Bismack Biyombo,202687,ORL,4
-0.919795998653673,1.00329541688382,-0.925962675241698,-1.17441501935516,-0.6447725773681,-0.261138917501516,-1.02247811607851,0.846630107134186,-1.17692786604374,Brandon Knight,202688,PHX,3
-0.738512846361417,0.231516041408006,-0.714478226760785,0.0628494647388649,0.0624372766706098,0.693668863084724,-0.706710715421897,-1.49016733861702,-1.74991754087194,Kemba Walker,202689,CHA,3
-0.62374297279366,-0.407981104562048,-0.387902320886525,-0.909368778929441,-0.661599526298522,0.175316091244393,-0.836954064583672,-0.481095714315363,-0.0309485163873261,Klay Thompson,202691,GSW,3
0.213731568752279,-0.145997063344385,-0.080480470597706,0.299319878975903,0.362517308924645,-0.449073517278315,0.445989002837463,-1.49016733861702,0.828535995854981,Markieff Morris,202693,WAS,4
-0.657568809988309,0.216831375913967,-0.65940225125569,-0.834186998123348,-0.857132013567702,-0.714908190224838,-0.461824252037715,-0.427986681457382,0.542041158440879,Marcus Morris,202694,DET,1
-0.61585840028452,-0.25535931459459,0.221991500839115,1.79459845322934,1.92707021004185,1.44183337160656,0.0671827389209808,0.156212679980422,-0.0309485163873261,Kawhi Leonard,202695,SAS,3
0.716433234934276,-2.11407229980878,0.801305348042495,0.118833291024627,0.294587509830219,-0.404156885007522,2.43305936847464,-0.852858944321237,1.40152567068319,Nikola Vucevic,202696,ORL,4
-0.754847288241254,0.307324416170958,-0.306823396369974,0.565548574706952,0.023197198923487,-0.780640199085615,-0.781823071708722,0.793521074276205,-0.603938191215531,Iman Shumpert,202697,CLE,3
0.0612455047447576,1.45412312046696,-0.248715863521834,-0.609001720630676,-0.763522759819938,-1.014747347823,-0.0230538269138161,-0.587313780031327,0.542041158440879,Tobias Harris,202699,DET,1
0.357935787600095,-0.311188971107247,0.753193311506094,-0.317070048336605,0.150452404327708,0.747103031254866,1.3690130521895,0.209321712838403,0.255546321026776,Kenneth Faried,202702,DEN,4
0.436365271001626,1.15997710201226,0.800666134616602,-0.22009713341496,-0.147718788251219,-0.0354445900602339,0.970007308581821,-0.427986681457382,0.828535995854981,Nikola Mirotic,202703,CHI,4
-0.686024640229041,1.88780239251956,-0.985880620001316,-0.410114389791756,-0.513646445380339,-0.412808239202185,-1.30059839175973,-0.587313780031327,-1.17692786604374,Reggie Jackson,202704,DET,3
-0.49023707551628,1.60744908221934,-0.720972140730979,-0.238104308706947,0.0554888360260599,0.320580751907119,-0.832236974284211,1.90881076429383,-1.17692786604374,Cory Joseph,202709,TOR,3
-1.12509949464096,-0.534961449498466,-0.594376156797215,1.46098594927592,1.76285474816641,0.868166565742239,-0.293039223827225,0.103103647122439,-0.0309485163873261,Jimmy Butler,202710,CHI,3
-0.146634465847046,0.135488482366833,-0.582011052065812,-0.894080700633132,-1.84570768044438,-3.28369182853627,-0.705707963898669,0.209321712838403,0.255546321026776,Kyle Singler,202713,OKC,2
-0.708519606671055,1.55991156462624,-1.21546294919879,0.700537305290084,0.557669061621213,-0.116638724414664,-0.952853414090989,1.27150236999804,-1.17692786604374,Shelvin Mack,202714,UTA,3
-0.81155697319967,-0.462004421265469,-0.880406601054349,-0.388392765350226,-0.059325873671977,-0.73201837256171,-0.384113395835416,-0.799749911463256,0.828535995854981,Chandler Parsons,202718,MEM,1
0.611226661455905,0.0233833390090591,-0.26737989086292,-1.45267100858652,-1.39453064375589,-0.83760968301722,0.279512307979765,0.63419397570226,0.828535995854981,Jon Leuer,202720,DET,4
1.04432794831316,0.0406030421482108,0.863548708336533,-1.0496914975777,-0.503147440571952,-0.487781540436249,-0.656000138390063,0.0499946142644581,0.828535995854981,Davis Bertans,202722,SAS,4
0.345726411219463,1.1392765604691,0.511322193528658,-0.772259676739381,-0.921607775077643,-0.18205590046764,-0.151820765374204,0.793521074276205,0.542041158440879,Lavoy Allen,202730,IND,1
-0.612769531614023,-0.159370666220867,-0.309018495540181,2.84989017612576,2.87717514156502,0.659577200013687,-0.457964161563778,3.50208175003329,-0.317443353801428,DeAndre Liggins,202732,CLE,3
-0.432146983450231,-0.0947291915225114,-0.0580939356624836,-0.0517075865065161,-0.279387400593215,-0.10521356891639,-1.31877114517147,0.262430745696387,-0.890433028629633,E'Twaun Moore,202734,NOP,3
-1.09708199072718,-0.762530639177545,-0.873557460621128,-0.767724733514139,-0.393301602764208,0.376879604216906,-1.34942430423511,-1.54327637147501,-2.89589689052835,Isaiah Thomas,202738,BOS,3
0.73816188411872,0.153413269475802,2.32133407008653,0.146222488328877,0.42080836688345,0.484411323745455,2.24759416487296,-1.75571250290693,1.11503083326908,Anthony Davis,203076,NOP,4
0.329837902046744,2.08300894159089,0.787739686508018,-0.301992276532799,0.284331853300914,0.809813049132242,0.653937249585011,2.22746496144172,-0.0309485163873261,Michael Kidd-Gilchrist,203077,CHA,2
-0.855053708005597,1.76018878394226,-0.708850679313664,0.36121550065008,0.0544990540459049,0.930110384084464,-1.22164091141903,-0.374877648599399,-0.603938191215531,Bradley Beal,203078,WAS,3
-0.489208202313202,1.23250240358903,-0.41521357036067,0.185351590358191,-0.0944187417524401,-0.622640262342882,-0.735763858392245,-0.90596797717922,-0.890433028629633,Dion Waiters,203079,MIA,3
0.278533917320343,-0.417349688467686,-0.140423034626388,1.4406320882149,1.92707021004185,1.9507360854681,1.95168118563662,0.315539778554367,0.828535995854981,Thomas Robinson,203080,LAL,4
-0.91927729354594,-0.310208926829155,-0.726707928569912,-0.22274616525617,-0.509284079555624,-0.151381409558913,-0.314015852837839,-1.49016733861702,-1.17692786604374,Damian Lillard,203081,POR,3
0.628904576197978,-1.59145874877685,1.01969093883011,1.3549867177326,1.88648131173686,-0.203012899981617,3.21679541151562,0.156212679980422,1.11503083326908,Andre Drummond,203083,DET,4
-0.227655374567501,0.551797504383707,-0.855255140625598,-0.693653994168523,-0.763522759819937,-0.271472431727276,-0.523031705154543,0.262430745696387,0.255546321026776,Harrison Barnes,203084,DAL,1
-0.729392574913737,-1.18771607232589,-0.997219553617503,-0.38564761041481,-0.819250570953949,-0.446807635334863,-1.23264667531544,0.103103647122439,-0.890433028629633,Austin Rivers,203085,LAC,3
2.24268602571034,-0.362991311520687,0.42098309742737,-0.939306319593225,-1.59697097317227,-1.48987878152976,0.587010105815643,-1.54327637147501,1.68802050809729,Meyers Leonard,203086,POR,4
-0.264290763418292,0.882791801836697,0.11451700914627,-0.435020252365046,-0.774221883780749,-0.628521039284747,1.28013339661364,1.16528430428208,-0.603938191215531,Jeremy Lamb,203087,CHA,2
1.99599495516417,-1.30680743109688,3.1877324413234,-0.0239940445744832,-0.476993669665346,-1.14607787811059,0.813931273078709,-0.0562234514515061,1.11503083326908,John Henson,203089,MIL,4
-0.0922487295688784,0.368112386181009,0.620925276164486,0.876953240121913,0.616849337075632,-0.171033533941257,-0.726175892049271,1.00595720570813,0.542041158440879,Maurice Harkless,203090,POR,2
1.86426405635789,-1.85370327680286,1.10661590803041,-1.61384048680829,-1.86213761344981,-2.33579061975023,0.28462486738817,0.103103647122439,1.40152567068319,Tyler Zeller,203092,BOS,4
-1.09907674759827,-0.390575326119371,-1.21546294919879,0.0167111687123256,-0.0752339358590548,0.87336889433266,-1.10920974024112,0.103103647122439,-0.0309485163873261,Evan Fournier,203095,ORL,3
1.60324294958741,-2.71654431097135,0.500983906562333,0.848760225146073,0.717361868402979,-0.746662122667733,-0.357753185338428,1.1121752714241,1.11503083326908,Miles Plumlee,203101,CHA,4
-0.428856060309626,-0.301254275685491,-0.710643166884641,0.701043829607469,0.1338988816735,-0.27815141043417,-1.00274253096229,1.53704753428796,-0.0309485163873261,Tomas Satoransky,203107,WAS,3
-0.78851140207935,1.19802446607764,-0.672441413776818,0.510681360376867,-0.010423312133924,0.177317831938711,0.29305112270943,-0.374877648599399,-0.317443353801428,Jae Crowder,203109,BOS,2
0.932934785670773,1.61851566025751,1.21158963030142,2.59797739821471,2.87930061387382,1.33732656429571,1.12529797450065,-1.96814863433886,-0.0309485163873261,Draymond Green,203110,GSW,2
0.909623421434252,0.412114984133618,0.416816691751545,1.02041251095688,-0.360618165564141,-1.71233881799833,0.65108214578925,-0.427986681457382,-0.0309485163873261,Quincy Acy,203112,BKN,2
-0.752024899634854,-0.458724068069057,-0.187155636116136,-0.272620317888179,-0.253906592212861,-0.559723091708998,-0.390717322254662,-0.90596797717922,-0.317443353801428,Will Barton,203115,DEN,3
0.0716788339566725,0.99717014014574,-0.0421090604236491,-1.16276867669076,-1.08627966597109,-0.0889136804055189,0.0191978247684991,0.421757844270332,0.255546321026776,Mike Scott,203118,ATL,1
2.29802005436778,0.532591458319377,0.987632524196257,-0.54551251547729,-0.332010809204815,-1.54243852109234,0.351393781835976,0.846630107134186,1.40152567068319,Justin Hamilton,203120,BKN,4
2.04330639832783,-0.762530639177546,3.76678157727097,-0.359140977768966,-0.451177366770439,1.08888471521872,1.67609861708466,-0.321768615741418,0.828535995854981,Kyle O'Quinn,203124,NYK,4
0.114316684108091,0.0438729038098793,-0.422809395364245,-1.57324402389772,-1.6107596384667,-1.43528447140348,-0.116359557712261,-0.427986681457382,0.542041158440879,Mirza Teletovic,203141,MIL,1
-0.489632326016822,-0.291878039473834,0.292100959570168,1.64368933629314,1.17301867708695,-0.636589934370791,-0.736637277548468,0.740412041418224,-0.603938191215531,Kent Bazemore,203145,ATL,3
1.10972555837961,-1.14678324473275,1.86661191046892,-1.27607323231077,-0.909426566710183,-0.667224793325469,1.07934771515352,0.421757844270332,1.11503083326908,Willie Reed,203186,MIA,4
-0.296187318490028,0.639555222885719,0.0234502134592222,0.520199142454534,0.412234541159246,0.74005207814736,-0.272539770180818,0.581084942844279,-0.317443353801428,Justin Holiday,203200,NYK,3
0.0221495675502142,0.780038591080237,-0.259453966366217,-0.350874076320927,-0.791793437730987,-1.07999449278185,0.728018112723637,0.527975909986296,0.542041158440879,JaMychal Green,203210,MEM,1
2.18525181425241,-1.67100040696007,0.93183841294807,-1.53471529254455,-1.57562078174863,-1.05765286080646,0.989168538120568,0.0499946142644581,0.828535995854981,Aron Baynes,203382,DET,4
2.6655068738546,-1.07459188246322,2.64328549104131,-0.972422688060399,-0.553651274046777,-0.552055340162686,1.57570982065148,-0.481095714315363,1.68802050809729,Alex Len,203458,PHX,4
-0.921876874286826,-0.386628393422625,-0.57973924425734,-0.600090954995113,-0.559676292777107,-0.559723091708998,-0.826576465924858,0.0499946142644581,-0.317443353801428,Allen Crabbe,203459,POR,3
0.366639244788376,0.642337340618819,0.729141665275507,0.867227413763601,0.762625789795427,-0.345825830444416,-0.153819424394181,1.59015656714594,-0.0309485163873261,Andre Roberson,203460,OKC,2
-0.67445207154797,0.242088803586309,-0.881297679105362,0.274414920059744,-0.370000970501959,-0.84550743588339,-1.02203048986252,1.85570173143585,-0.603938191215531,Ben McLemore,203463,SAC,3
-0.443423759941873,0.949406593314834,-0.382265651468457,-0.819298342857935,-0.452788317221697,0.353098196003894,-0.970911319477534,-0.0562234514515061,-1.17692786604374,CJ McCollum,203468,POR,3
1.22315586769101,-2.35638521858406,0.92735137625202,0.37041598180721,0.423389733768157,1.44222423390599,0.289517531768256,-0.0562234514515061,1.40152567068319,Cody Zeller,203469,CHA,4
-0.906614007712246,-0.6538149636623,-0.850285732025236,-0.447064064448308,-0.218104443729073,1.27883266058898,-0.985393134007217,-0.109332484309489,-1.74991754087194,Dennis Schroder,203471,ATL,3
2.25559845401701,0.323389698957404,1.75584890373013,-0.121062211361963,-0.25218878490632,-0.237627269965378,2.4395686580307,-0.534204747173346,1.40152567068319,Dewayne Dedmon,203473,SAS,4
1.3819632165257,0.031564997555282,1.02570816498793,0.837294166423841,0.267700544043794,0.378787145349138,0.686111150342294,-0.215550550025454,1.11503083326908,Gorgui Dieng,203476,MIN,4
-1.03016509398141,-1.25338041542475,-1.21546294919879,-0.112631571249664,0.69517079005798,-0.16300408272766,-1.17793230623042,1.53704753428796,-2.03641237828604,Isaiah Canaan,203477,CHI,3
1.13066824951858,2.07656108060186,-0.00401564894756873,0.129838343262151,-0.136994647879473,-0.0822019616069244,0.773099844982355,-0.374877648599399,1.40152567068319,Kelly Olynyk,203482,BOS,4
-1.1565903952573,-1.05403453263599,-0.855959705909517,0.247634339462493,0.38469207445229,0.0605260054109641,-1.13680237981401,-0.16244151716747,-0.603938191215531,Kentavious Caldwell-Pope,203484,DET,3
-0.264522086349371,0.112726847942745,0.389443010060005,1.37569728629963,0.930950997473593,2.68512359553837,0.327282784952046,0.793521074276205,-0.317443353801428,Michael Carter-Williams,203487,CHI,2
1.88947038330682,0.362016226700471,0.887977444422396,-0.775387223791272,-0.696745468892113,-1.51318669718302,-0.0997867115782497,0.793521074276205,1.11503083326908,Mike Muscala,203488,ATL,4
-0.743972764720645,0.695836044038378,-0.765208168295396,-0.140015767234866,0.480387068266241,-1.30486156785883,-0.502522691746704,0.687303008560243,-0.0309485163873261,Reggie Bullock,203493,DET,3
-0.636421637577178,0.682064599428728,0.656189489514582,3.16740049475866,2.53962861515732,0.0309627148453187,0.418538330120336,-0.215550550025454,0.542041158440879,Robert Covington,203496,PHI,2
1.72988325188835,-1.688104953323,3.65820926354526,-0.565061977474668,-1.16673226721111,-1.18774604723223,2.18609216055799,-0.0562234514515061,1.68802050809729,Rudy Gobert,203497,UTA,4
-0.933135882542459,-0.310341736567774,-0.891797131700443,-1.78762183681147,-1.3593816634836,-0.18721454650185,-0.807417822247047,1.85570173143585,-0.317443353801428,Shabazz Muhammad,203498,MIN,3
1.30928578748568,0.241181636996943,0.750496086765547,0.00817241318595298,0.484613581575202,0.851172912779611,0.0306614511939336,-0.481095714315363,1.40152567068319,Steven Adams,203500,OKC,4
-0.751539745441556,0.94727322289737,-0.787434030398405,-0.692564718589911,-0.457378341485392,-0.746662122667732,-0.944926874158835,-0.427986681457382,-0.317443353801428,Tim Hardaway Jr.,203501,ATL,3
-0.766901316865966,0.734819825702619,-0.80010711712437,-0.271552246664738,-0.610986961707409,-0.793828036964702,-0.683067070773174,0.262430745696387,-0.0309485163873261,Tony Snell,203503,MIL,3
-0.885275206892328,-0.540342379741704,-0.692108620447026,-0.159854946983587,-1.25966147506055,-0.839516810840017,-1.41887147698082,1.32461140285603,-1.74991754087194,Trey Burke,203504,WAS,3
-0.693695239761552,1.4770770177182,-0.679927556247819,0.545589393446158,0.430871060547786,1.18052554098604,-0.479641535911925,0.368648811412351,-0.890433028629633,Victor Oladipo,203506,OKC,3
0.0804546048653978,0.306335958177732,2.03386720822152,0.599975819754914,1.22756914009842,1.26356382938666,1.00368114542263,-1.38394927290106,1.11503083326908,Giannis Antetokounmpo,203507,MIL,4
2.75478800197507,0.0921449293575732,3.49061209607044,1.00534358957155,1.38482789674864,-0.331374522004727,0.234857296896982,-0.16244151716747,1.40152567068319,Lucas Nogueira,203512,TOR,4
-0.301088908192256,0.704409544893107,-0.380600282066199,-0.0065296887496156,-0.104274611085677,0.85883813496701,-0.255587739718613,1.59015656714594,-0.0309485163873261,James Ennis III,203516,MEM,3
-0.389011305862431,0.305701094913789,-0.812646083568333,-0.24445080071769,0.111044340718658,-0.978151469101821,-1.30059839175973,0.581084942844279,-0.317443353801428,Alex Abrines,203518,OKC,3
-0.718030624668048,1.02353579674662,-1.21546294919879,-0.690248442934242,-0.362859014252995,-0.734164439387592,-1.35762323867245,-0.640422812889308,-0.890433028629633,Matthew Dellavedova,203521,MIL,3
-0.469497389768281,0.369468023855548,-0.440109912880231,0.565548574706952,-0.0504044604184134,-0.036489714654338,-0.527028483016383,-0.16244151716747,-0.0309485163873261,Solomon Hill,203524,NOP,3
-0.894863514609001,0.375041451171969,-0.801938179524016,0.195194877978871,0.325781798440189,-0.288587314663691,-0.843440063745431,0.63419397570226,-1.17692786604374,Ian Clark,203546,GSW,3
-1.08121315009689,0.393217853771469,-0.989886486523047,0.709155110172942,0.560439242963345,0.0275140946721329,-1.11757280382712,0.262430745696387,-1.46342270345784,Seth Curry,203552,DAL,3
-0.677637565558607,0.732981385999133,-0.840394436319516,-1.09480114433242,-1.23133894963452,0.0392876899047034,-1.2491429551332,0.209321712838403,-0.890433028629633,Troy Daniels,203584,MEM,3
-0.439703425948396,0.892108555889581,-0.72731351486053,-0.510518465392747,-0.641535897652574,0.937080876727586,-0.978318203794291,2.2805739942997,-0.890433028629633,Rodney McGruder,203585,MIA,3
-0.825205874047469,0.0248224054331976,-0.118100424266835,0.338286078987447,0.270766416709879,-0.623105481148161,-0.731409169133232,0.0499946142644581,-0.317443353801428,Jonathon Simmons,203613,SAS,3
-1.27856150824303,-1.9469041765534,-0.745047584116608,-0.249792833679204,-0.0492850435462933,-0.894115777490076,-1.50084416889755,-0.959077010037201,-0.603938191215531,Jamal Crawford,2037,LAC,3
-0.381057276568904,-0.312542017312075,-0.151743088074671,-0.801911228596731,-1.02421103017279,-1.98032766645546,-0.909796824400349,-0.746640878605272,-0.603938191215531,Jordan McRae,203895,CLE,3
-1.15845598771807,0.214513674445234,-0.892459676178414,-0.712769023677069,-0.591732793642713,-0.733022178012526,-1.01437752552469,0.899739139992172,-0.603938191215531,Zach LaVine,203897,MIN,3
-0.595774060254137,0.652430490842779,-0.223216368140063,1.23823181978449,0.560439242963345,1.1591920684269,-0.272539770180818,1.21839333714006,-0.890433028629633,Elfrid Payton,203901,ORL,3
-0.63502338224103,-0.555716466150956,-0.781326765129195,0.195194877978871,0.264029839355147,-0.517367892691276,-1.11757280382712,0.156212679980422,-1.17692786604374,Semaj Christon,203902,OKC,3
-0.887018815910084,0.498064663888092,-1.01465258613355,0.230708246158276,0.582771458303689,0.894215211558397,-0.986931689036398,0.474866877128315,-0.603938191215531,Jordan Clarkson,203903,LAL,3
-1.17115765979825,-0.389193658125161,-0.845017243239618,1.20198162636589,0.966203572174567,0.345328009631672,-1.23946383780661,-0.427986681457382,-0.890433028629633,Gary Harris,203914,DEN,3
-0.679220177960384,0.621158626516417,-0.332635900472974,-1.05830994171617,-0.784803434950782,-0.349711896579458,-0.755415789407275,0.209321712838403,-0.317443353801428,Nik Stauskas,203917,PHI,3
-0.679519228147508,0.0156044223477053,-0.757300782953865,-1.2211027754428,-0.465593307988108,-0.394850049378793,-0.430403084158698,-0.109332484309489,0.255546321026776,Rodney Hood,203918,UTA,3
0.275469114109044,0.262953635141723,1.96630231261773,-0.510610072853702,-0.87505132424913,-1.21915307013315,-0.587294034022147,0.368648811412351,0.542041158440879,Jerami Grant,203924,OKC,2
-0.209445657232857,0.334890591698447,-0.698038632509662,-0.819472784289844,-0.312547356704634,-0.470286414331108,-0.419717734945046,0.846630107134186,-0.317443353801428,Joe Harris,203925,BKN,3
-1.06656967196065,-0.293058151962542,-0.988433540575376,-0.625190203219587,-0.616931973759256,-0.48530618825555,0.17041721558369,-0.0562234514515061,-0.890433028629633,Sean Kilpatrick,203930,BKN,3
-0.496391167342455,-0.236144189879165,-0.180752400845955,-0.568740273460237,-0.270952986669404,-0.321087702121343,-0.281372868093497,0.63419397570226,0.542041158440879,Aaron Gordon,203932,ORL,1
-1.01423007790418,-0.618648343952684,-0.0908169256359809,0.36191358390148,0.382212366838802,0.163498741036139,-0.676618496880771,1.27150236999804,0.255546321026776,TJ Warren,203933,PHX,3
-0.767261886045854,1.07741847162246,-0.421139088179859,1.57427509079528,1.88648131173686,0.607692081216977,-0.752636075480807,-1.01218604289518,-0.890433028629633,Marcus Smart,203935,BOS,3
-0.490617981040946,-0.192734286028511,0.562179848213707,0.898055908265739,1.11647732126485,-0.135552777458523,0.663252807225198,-0.215550550025454,0.542041158440879,Kyle Anderson,203937,SAS,2
1.77521879714057,0.728500189221891,0.76634457506552,1.14436483127,1.47451614630599,-0.627298021878366,0.423582395260915,0.846630107134186,1.11503083326908,Dwight Powell,203939,DAL,4
0.829673981394818,1.04965262492425,-0.0783882201274195,-0.586410469717201,-0.561552180510629,0.874279731476147,1.25607388577533,1.1121752714241,0.542041158440879,Noah Vonleh,203943,POR,4
0.331330138624154,0.537464431027406,-0.214117845771442,-0.606812437694352,-0.596579532500378,0.71056774779666,1.65438530999096,-1.38394927290106,0.542041158440879,Julius Randle,203944,LAL,4
-0.633372370106132,1.89400443874148,-0.578482624299831,-0.796397277776959,-0.357473748855589,0.061991739033837,-1.10978448093637,-1.17151314146913,0.255546321026776,Andrew Wiggins,203952,MIN,3
-0.471575189460929,1.86319549878302,-0.521487419053004,-0.0670024294392393,-0.12943397074423,0.714829494661511,-0.0375116192298884,0.315539778554367,0.255546321026776,Jabari Parker,203953,MIL,1
2.25651671258638,-0.632014458809639,4.79580137732391,0.731770312608532,0.387728251884553,-0.469843358360367,1.67654935860629,-0.481095714315363,1.40152567068319,Joel Embiid,203954,PHI,4
-0.355866296632847,1.11006579629152,-0.513251883654292,-0.849081119352767,-1.27146805474633,0.62186834318329,-0.990916798784112,1.48393850142997,-0.317443353801428,Dante Exum,203957,UTA,3
0.408789644873326,0.262953635141723,-0.302774722477894,-0.891926999869336,-0.380632437693861,0.698934923207388,0.86075005060827,0.63419397570226,0.828535995854981,Dario Saric,203967,PHI,4
1.68027587990994,-0.594724121561665,1.75416915561865,-1.0870380888444,-0.869300233264431,1.16905418584525,1.50629027123429,-0.374877648599399,0.828535995854981,Clint Capela,203991,HOU,4
1.24694325054346,-0.943412989334923,0.248498859465527,0.125920085785129,-0.192312695696322,0.439718675040577,1.89519142404443,-1.17151314146913,0.828535995854981,Nikola Jokic,203999,DEN,4
1.46249955435189,1.38574238321742,2.27410422876033,-0.762304923318118,-0.840275926526613,-0.0903051343027881,0.530168002633894,-0.852858944321237,2.26101018292549,Kristaps Porzingis,204001,NYK,4
-0.370901556375767,0.789973016807138,0.022483264195362,0.309149861587511,0.797368498690299,0.59033919867627,-0.486927032897581,0.687303008560243,-0.890433028629633,Tyler Johnson,204020,MIA,3
-0.92743755573393,0.251572817929679,-0.96594905777355,0.428438908258684,0.637379556240366,0.701526870530176,-0.784182871403744,0.156212679980422,-1.74991754087194,Tim Frazier,204025,NOP,3
2.07496500525826,0.454649275057087,1.06142108463467,-0.106574800836602,-0.548351489052505,0.215350905130744,0.731216399414918,0.103103647122439,0.542041158440879,Tarik Black,204028,LAL,4
-0.953371204278344,0.871923803589561,-0.944455849445481,1.39532837623696,1.7123086974914,0.719890914057964,-0.274067858849257,0.262430745696387,0.255546321026776,Joe Ingles,204060,UTA,3
0.701143968337589,-2.31699008208083,-0.113977375008933,-0.830399974498892,-0.465593307988108,-1.25247495256617,2.88472650937678,-1.43705830575904,1.68802050809729,Tyson Chandler,2199,PHX,4
1.83787250092702,-0.501020197194962,1.44560340712748,-1.28621990893345,-1.33309377067491,-1.5440143159407,1.72997548602302,-0.799749911463256,1.40152567068319,Pau Gasol,2200,SAS,4
-0.981779961069782,1.46213237506339,-0.666560983716035,-1.04667198594337,-0.84592877841172,-1.0813341264206,-0.406614920200079,-1.49016733861702,-0.0309485163873261,Joe Johnson,2207,UTA,1
-0.412168572255317,1.05164426793636,-0.922166743578332,-1.11193581635553,-1.41852942230315,-0.203012899981617,-0.531730574618548,-0.109332484309489,-0.0309485163873261,Richard Jefferson,2210,CLE,1
0.375833633833865,-0.111749960515499,-0.946290707490411,-0.0866937656846075,-0.936008231933102,0.657581618521506,1.72152314322398,-0.16244151716747,0.542041158440879,Zach Randolph,2216,MEM,4
-1.10654293723232,-0.0149048533767135,-1.21546294919879,-1.11193581635553,-0.991351164161924,-0.48087805824341,-1.26243560959505,0.156212679980422,-1.46342270345784,Tony Parker,2225,SAS,3
-0.472606217168921,0.0567600056529296,-0.819917866710501,-1.12581193837607,-1.03488525416358,-1.55694185584322,-0.297913828515966,0.262430745696387,0.542041158440879,Mike Dunleavy,2399,ATL,1
1.08367557751821,-0.0343702145229218,0.82210894894647,0.98528276433211,1.17301867708695,1.50847539365986,0.314959386544704,-0.00311441859352517,1.11503083326908,Nene,2403,HOU,4
1.0517962924836,-1.15691135779377,-0.754606382585228,0.241853611424928,0.0446402020388442,-0.857960388729457,1.04776493593247,0.0499946142644581,0.542041158440879,Luis Scola,2449,BKN,4
-0.920593831746403,-0.356100174493211,-0.313533581234158,-0.179098751693126,0.0811389307458338,0.386904341656509,0.999825698033575,-2.02125766719684,0.255546321026776,LeBron James,2544,CLE,2
-1.04828556456925,0.923566301926976,-0.385496454633088,-0.474662243059745,-0.679325306041377,-0.676276619440738,0.177794604271681,-1.70260347004895,0.255546321026776,Carmelo Anthony,2546,NYK,1
-0.964171749599945,-0.715517361236082,0.132305259929936,0.955523659341156,1.62829828642599,0.511051752332376,-0.447622300330808,-1.49016733861702,-0.890433028629633,Dwyane Wade,2548,CHI,3
2.40035153761321,-0.304804879859111,2.33288357030759,1.92749442719086,1.5165986094414,-0.799273337766389,0.846058105003049,-1.96814863433886,0.542041158440879,David West,2561,GSW,4
-0.118486324414821,0.153413269475802,-0.835699082361643,-1.47981388676859,-1.70978732558126,-1.04319806231471,-0.93306477943519,-0.959077010037201,0.255546321026776,Boris Diaw,2564,UTA,1
-1.41433929132623,-2.04834808040923,-0.774106850706355,0.297361415007307,0.304913895025244,-0.1392747152529,-0.854488627834772,-0.215550550025454,-1.17692786604374,Leandro Barbosa,2571,PHX,3
1.27340807987238,-1.99044817284296,0.457395635816919,1.72599015778827,1.65715403631368,1.71385398889684,1.30083125913205,-0.215550550025454,1.11503083326908,Zaza Pachulia,2585,GSW,4
-0.58053974579735,-0.43127621479295,-0.547381008523626,-0.790537394681421,-1.04332722598899,-1.0815335069839,-0.691154722209838,-0.00311441859352517,-0.0309485163873261,Kyle Korver,2594,CLE,3
0.481231136765006,-2.01265912256323,1.2949080519076,-0.121897250323432,-0.0769896751639826,-0.975758450622417,2.77733100677291,-1.49016733861702,1.11503083326908,Dwight Howard,2730,ATL,4
-0.86005238136482,-0.0235365519845339,-0.174943085045753,-0.343501408171065,-0.224372018862906,1.05726484351801,-0.832236974284211,-0.481095714315363,-0.0309485163873261,Shaun Livingston,2733,GSW,3
-1.05735509399073,-0.398949851009805,-0.819529330664409,0.651014812413432,0.909465700466489,0.434997529008993,-0.555407970792766,-0.799749911463256,-1.17692786604374,Devin Harris,2734,DAL,3
-0.218367424890527,1.1392765604691,-0.330544211562832,-0.486814948448689,0.259555735149741,-1.28415682585174,0.300078301675461,0.262430745696387,0.542041158440879,Luol Deng,2736,LAL,2
-0.736020031997953,-0.352840852926161,-0.0990984757831649,0.935902271435033,0.600858707091735,0.637172262351471,-0.227270143378338,-0.534204747173346,-0.317443353801428,Andre Iguodala,2738,GSW,3
1.33305136562174,-2.18152610392938,0.91308910167135,-0.884480305702992,-1.22304106688259,-1.1950959447704,1.31419901333663,0.315539778554367,0.542041158440879,Kris Humphries,2743,ATL,4
1.24369489873631,-2.53530479686955,-0.307937446513883,-0.858487470458767,-0.858986070089995,-0.680301184687268,1.42857803698844,-0.268659582883435,0.828535995854981,Al Jefferson,2744,IND,4
-1.02445126083881,-0.110295018238455,-0.613411980181602,0.4758839954991,0.357632808915631,-0.77591108669529,-1.01337324178351,-0.268659582883435,-0.317443353801428,JR Smith,2747,CLE,3
-0.941259492763501,-0.307538470608313,-0.998644568013142,-0.814120691126229,-0.465593307988108,0.146807784213234,-1.01542595360614,-2.23369379862877,-2.03641237828604,Jameer Nelson,2749,DEN,3
-0.45343367510588,0.613482805272674,-0.259672803345413,2.59778031420758,2.68704198230507,1.9590635844222,-0.380528407207826,0.899739139992172,-0.890433028629633,Tony Allen,2754,MEM,3
-0.625301075561009,-0.345317571850219,-1.21546294919879,-0.214558148188367,-0.84592877841172,-0.487047127437011,-0.809354068150655,-1.06529507575316,-1.17692786604374,Beno Udrih,2757,DET,3
-0.925173394300545,-0.651470286939016,-0.885546609863618,1.18851346342297,2.08531998984945,-0.185205507331013,0.17021288039604,-0.109332484309489,0.255546321026776,Trevor Ariza,2772,HOU,2
