PLAYER_NAME,PLAYER_ID,TEAM_ABBREVIATION,CONTESTED_SHOTS_2PT,CONTESTED_SHOTS_3PT,DEFLECTIONS,BLK_PER_SHOT,DREB,STL,BLK,LOOSE_BALLS_RECOVERED,AVG_SPEED_DEF,HEIGHT
Marvin Williams,101107,CHA,0.191136684068132,0.166834170854271,2.17704918032787,0.0132817873490976,7.21311475409836,1.04918032786885,0.918032786885246,0.734426229508197,3.76,81
Chris Paul,101108,LAC,0.0688909901391328,0.159880239520958,4.35555555555556,0.00186167737131155,5.33333333333333,2.41269841269841,0.126984126984127,1.6,3.5,72
Raymond Felton,101109,LAC,0.120245164168641,0.203389830508475,3.43661971830986,0.00849010548956071,4.31924882629108,1.50234741784038,0.563380281690141,1.44600938967136,4.14,73
Channing Frye,101112,CLE,0.319128422676437,0.13302752293578,1.77540106951872,0.0158007837188725,7.05882352941176,0.855614973262032,1.06951871657754,0.385026737967914,3.54,83
Gerald Green,101123,BOS,0.146198830409357,0.217391304347826,1.78571428571429,0.0107944732297064,5,0.714285714285714,0.714285714285714,0.928571428571429,4,79
David Lee,101135,SAS,0.234150651645681,0.181818181818182,1.6989247311828,0.0165171861321705,8.17204301075269,0.860215053763441,1.0752688172043,1.03225806451613,3.9,81
Brandon Bass,101138,LAC,0.184849270104518,0.130434782608696,2.16216216216216,0.0108242680088759,6.12612612612613,1.08108108108108,0.720720720720721,1.44144144144144,3.98,80
CJ Miles,101139,IND,0.106582411795682,0.188235294117647,1.97446808510638,0.00803481754268497,4.42553191489362,1.02127659574468,0.51063829787234,0.885106382978723,3.7,78
Monta Ellis,101145,IND,0.0769770266340512,0.153086419753086,3.11439114391144,0.00880485147316171,3.83763837638376,1.62361623616236,0.590405904059041,1.43173431734317,3.8,75
Amir Johnson,101161,BOS,0.29580088426061,0.0888888888888889,2.59405940594059,0.0241848935108908,6.13861386138614,1.18811881188119,1.58415841584158,1.10891089108911,3.76,81
Marcin Gortat,101162,WAS,0.261059138449651,0.0908571428571429,1.26114649681529,0.0148873215847554,9.55414012738854,0.636942675159236,1.01910828025478,0.64968152866242,3.78,83
Alan Anderson,101187,LAC,0.0546828651757848,0.172058823529412,1.16504854368932,0,2.71844660194175,0.388349514563107,0,1.16504854368932,4.16,78
Jahlil Okafor,1626143,PHI,0.320880212693536,0.130275229357798,1.19823788546256,0.0262637802772142,5.63876651982379,0.704845814977974,1.76211453744493,1.26872246696035,3.93,83
Emmanuel Mudiay,1626144,DEN,0.0867891182225589,0.160714285714286,1.81395348837209,0.00437770870726262,4.18604651162791,1.08527131782946,0.310077519379845,0.728682170542636,3.8,77
Tyus Jones,1626145,MIN,0.0596255226322487,0.144871794871795,4.37795275590551,0.00463983296601322,2.83464566929134,2.51968503937008,0.31496062992126,1.35433070866142,4,74
Anthony Brown,1626148,ORL,0.0957016747793086,0.209195402298851,2.26206896551724,0.00419265237670982,6.3448275862069,1.37931034482759,0.275862068965517,1.51724137931034,4.07,79
Montrezl Harrell,1626149,HOU,0.285642317380353,0.222321428571429,1.33333333333333,0.0225442834138486,5.11111111111111,0.888888888888889,1.55555555555556,1.04444444444444,3.74,80
Andrew Harrison,1626150,MEM,0.13517745302714,0.201694915254237,2.88780487804878,0.00968992248062015,2.92682926829268,1.36585365853659,0.585365853658537,1.36585365853659,3.71,78
Sam Dekker,1626155,HOU,0.206435643564356,0.187719298245614,2.23913043478261,0.00949367088607595,5.43478260869565,1.08695652173913,0.652173913043478,1.19565217391304,4.04,81
D'Angelo Russell,1626156,LAL,0.0927166272821686,0.149689440993789,3.48251748251748,0.00608278672735936,4.1958041958042,1.95804195804196,0.41958041958042,1.11888111888112,3.88,77
Karl-Anthony Towns,1626157,MIN,0.242380497799716,0.163546798029557,1.23577235772358,0.0205536846432355,9.10569105691057,0.758807588075881,1.40921409214092,1.11653116531165,3.86,84
Richaun Holmes,1626158,PHI,0.289434364994664,0.0990654205607477,2.93069306930693,0.0293040293040293,7.32673267326733,1.38613861386139,1.98019801980198,1.16831683168317,3.87,82
Justise Winslow,1626159,MIA,0.149073166256715,0.177300613496933,2.88184438040346,0.00500811732349517,4.49567723342939,1.61383285302594,0.345821325648415,0.703170028818444,3.8,79
Willie Cauley-Stein,1626161,SAC,0.255453263664261,0.14047619047619,2.94623655913978,0.0162943409753793,6.88172043010753,1.50537634408602,1.0752688172043,1.46236559139785,4.01,84
Kelly Oubre Jr.,1626162,WAS,0.11394274728624,0.191304347826087,4.88888888888889,0.00609263856944846,5.05050505050505,1.41414141414141,0.404040404040404,1.33333333333333,4.03,79
Frank Kaminsky,1626163,CHA,0.227765144054291,0.152631578947368,1.74712643678161,0.011105311670572,5.82375478927203,1.0727969348659,0.766283524904214,0.85823754789272,3.72,84
Devin Booker,1626164,PHX,0.072860593010737,0.161256544502618,1.75498575498576,0.00483412895038975,2.96296296296296,1.02564102564103,0.341880341880342,1.05982905982906,3.69,78
Myles Turner,1626167,IND,0.277020825979527,0.108064516129032,2.26031746031746,0.0388798889146031,6.98412698412698,1.14285714285714,2.66666666666667,0.711111111111111,3.72,83
Trey Lyles,1626168,UTA,0.171889968523334,0.181707317073171,1.68674698795181,0.0113346557098328,6.50602409638554,0.963855421686747,0.72289156626506,0.72289156626506,3.89,82
Stanley Johnson,1626169,DET,0.115549299079125,0.135714285714286,3.03448275862069,0.0111736005065366,4.59770114942529,1.60919540229885,0.689655172413793,0.942528735632184,4.09,79
Jerian Grant,1626170,CHI,0.112461031961076,0.161702127659574,3.16455696202532,0.00376484761779267,3.54430379746835,1.77215189873418,0.253164556962025,0.936708860759494,4.07,76
Bobby Portis,1626171,CHI,0.193176507244119,0.222105263157895,1.45454545454545,0.00782855465309717,8.57142857142857,0.51948051948052,0.51948051948052,0.857142857142857,4.04,83
Rashad Vaughn,1626173,MIL,0.11385874399573,0.126086956521739,2.69158878504673,0.0110241428728916,4.11214953271028,1.49532710280374,0.747663551401869,0.560747663551402,4.18,78
Rondae Hollis-Jefferson,1626178,BKN,0.182796679740947,0.195901639344262,3.72972972972973,0.0126238717414631,7.92792792792793,1.8018018018018,0.900900900900901,1.74774774774775,4.09,79
Terry Rozier,1626179,BOS,0.0772083660779529,0.129411764705882,2.61271676300578,0.00705896886112361,5.78034682080925,1.38728323699422,0.46242774566474,1.38728323699422,4.11,74
Norman Powell,1626181,TOR,0.0987795303689958,0.14622641509434,3.0391061452514,0.00711395669378863,4.24581005586592,1.34078212290503,0.446927374301676,1.63128491620112,4.03,76
Jarell Martin,1626185,MEM,0.234535326883612,0.148351648351648,2.53731343283582,0.00950638115835254,8.65671641791045,1.19402985074627,0.597014925373134,0.985074626865672,4.16,82
Willy Hernangomez,1626195,NYK,0.298707142944017,0.105309734513274,2.87292817679558,0.015695999874432,9.94475138121547,1.10497237569061,1.10497237569061,1.19337016574586,4.04,83
Josh Richardson,1626196,MIA,0.133208928443264,0.172463768115942,2.8993288590604,0.0143936667866139,3.48993288590604,1.34228187919463,0.939597315436242,1.0738255033557,3.9,78
Larry Nance Jr.,1626204,LAL,0.194056511854498,0.161240310077519,4.41071428571429,0.0159863583075775,6.78571428571429,2.32142857142857,1.07142857142857,1.51785714285714,3.96,81
Mario Hezonja,1626209,ORL,0.131767775603392,0.189411764705882,3.69230769230769,0.00839278220730172,5.31468531468531,1.11888111888112,0.559440559440559,0.979020979020979,4.04,80
Alan Williams,1626210,PHX,0.336630739701757,0.1,2.56551724137931,0.0268894650917123,11.5862068965517,1.6551724137931,1.93103448275862,1.51724137931034,3.77,80
Cristiano Felicio,1626245,CHI,0.272030008691542,0.0989795918367347,1.42675159235669,0.0114524579837948,7.13375796178344,1.01910828025478,0.764331210191083,1.17197452229299,3.95,81
Salah Mejri,1626257,DAL,0.427064464571124,0.0636363636363636,2.88,0.0490964882372997,9.6,1.28,2.88,1.312,4.05,86
Marcelo Huertas,1626273,LAL,0.130839309943788,0.135211267605634,3.37864077669903,0.00574118727752899,3.88349514563107,1.55339805825243,0.388349514563107,1.51456310679612,4.03,75
Malcolm Delaney,1627098,ATL,0.069942719324691,0.119266055045872,2.84705882352941,0,3.52941176470588,1.17647058823529,0,1.17647058823529,3.77,75
Dragan Bender,1627733,PHX,0.301254571911747,0.24,1.42857142857143,0.0247359437999357,5.3968253968254,0.634920634920635,1.58730158730159,1.04761904761905,3.82,85
Domantas Sabonis,1627734,OKC,0.228480454379209,0.187254901960784,1.73399014778325,0.0119615436372064,5.91133004926108,0.985221674876847,0.788177339901478,1.18226600985222,3.7,83
Wade Baldwin IV,1627735,MEM,0.138472190168475,0.179487179487179,2.58064516129032,0.0096158469157171,3.54838709677419,1.61290322580645,0.645161290322581,1.51612903225806,4.19,76
Marquese Chriss,1627737,PHX,0.18960295398913,0.182203389830508,3,0.0250675431022477,5.84905660377358,1.50943396226415,1.69811320754717,0.792452830188679,3.93,82
Kris Dunn,1627739,MIN,0.146475611521204,0.161458333333333,5.27058823529412,0.0186063819890222,4.47058823529412,2.35294117647059,1.17647058823529,1.45882352941176,4.2,76
Brandon Ingram,1627742,LAL,0.12001316852722,0.183536585365854,1.5916955017301,0.0100375404011001,4.56747404844291,0.69204152249135,0.69204152249135,0.899653979238754,3.9,81
Skal Labissiere,1627746,SAC,0.244529310119506,0.175,2.20118343195266,0.0102680825211565,8.04733727810651,0.946745562130178,0.710059171597633,2.03550295857988,3.89,83
Jamal Murray,1627750,DEN,0.131133977971974,0.181081081081081,2.10526315789474,0.00850490804068181,4.01913875598086,1.14832535885167,0.574162679425837,1.20574162679426,4.09,76
Jakob Poeltl,1627751,TOR,0.346804241903124,0.0940298507462687,2.51724137931034,0.0233005184365352,5.17241379310345,1.03448275862069,1.37931034482759,1.13793103448276,4.25,84
Taurean Prince,1627752,ATL,0.157496632473319,0.189655172413793,3.45341614906832,0.0175504795668542,5.71428571428571,1.73913043478261,1.24223602484472,1.3416149068323,3.81,80
Tyler Ulis,1627755,PHX,0.0514652609488595,0.0981981981981982,3.52808988764045,0.00321403892201135,2.92134831460674,1.79775280898876,0.224719101123595,1.23595505617978,4.08,70
Denzel Valentine,1627756,CHI,0.0970925297113752,0.152427184466019,2.18181818181818,0.00343076711952793,5.68181818181818,1.13636363636364,0.227272727272727,1,3.99,78
Ron Baker,1627758,NYK,0.116363636363636,0.124770642201835,3.9741935483871,0.00739200739200739,3.87096774193548,1.80645161290323,0.516129032258065,1.39354838709677,4.13,76
Jaylen Brown,1627759,BOS,0.127306399615886,0.18265306122449,2.31578947368421,0.00713680360408582,5.38011695906433,0.935672514619883,0.467836257309941,0.912280701754386,4.13,79
Malcolm Brogdon,1627763,MIL,0.106606081789584,0.173333333333333,2.68679245283019,0.00458610410456317,3.32075471698113,1.66037735849057,0.30188679245283,1.17735849056604,3.75,77
Patrick McCaw,1627775,GSW,0.129534061839206,0.14367816091954,3.04761904761905,0.00781044060648071,2.99319727891156,1.08843537414966,0.54421768707483,1.17006802721088,3.97,79
Pascal Siakam,1627783,TOR,0.289687137891078,0.208421052631579,3.36842105263158,0.0319565391068147,5.52631578947368,1.31578947368421,2.10526315789474,0.921052631578947,4.22,81
Isaiah Whitehead,1627785,BKN,0.142308626974484,0.169117647058824,2.73777777777778,0.0127165792401844,3.73333333333333,1.06666666666667,0.888888888888889,0.995555555555556,3.97,76
Timothe Luwawu-Cabarrot,1627789,PHI,0.133383129701755,0.202247191011236,2.19277108433735,0.00723510472814094,4.09638554216867,0.963855421686747,0.481927710843373,1.25301204819277,4.18,78
Yogi Ferrell,1627812,DAL,0.0761258714904843,0.155,3.2156862745098,0.00493400764771185,2.98039215686274,1.56862745098039,0.313725490196078,2.02352941176471,4.05,72
Juan Hernangomez,1627823,DEN,0.197253232672075,0.192941176470588,2.07518796992481,0.00831125655810088,6.91729323308271,1.50375939849624,0.601503759398496,1.50375939849624,4.03,81
Ivica Zubac,1627826,LAL,0.368205128205128,0.132,1.45,0.0305084745762712,7.75,1,2.25,0.925,3.71,85
Dorian Finney-Smith,1627827,DAL,0.174731182795699,0.207339449541284,2.2713567839196,0.00968116690331741,4.02010050251256,1.20603015075377,0.603015075376884,0.844221105527638,4.12,80
Paul Zipser,1627835,CHI,0.164011466704262,0.200877192982456,1.33333333333333,0.0122402766302518,4.86772486772487,0.634920634920635,0.846560846560847,0.613756613756614,3.94,80
Mindaugas Kuzminskas,1627851,NYK,0.0917475338840324,0.134408602150538,2.0952380952381,0.00803656637701542,3.26530612244898,1.08843537414966,0.54421768707483,1.08843537414966,4.01,81
Derrick Jones, Jr.,1627884,PHX,0.123287671232877,0.151041666666667,1.65,0.0139958012596221,3.25,0.75,1,0.6,4.25,79
Vince Carter,1713,MEM,0.124595715122968,0.170833333333333,2.52631578947368,0.0133566629713232,4.21052631578947,1.29554655870445,0.809716599190283,0.842105263157895,3.6,78
Dirk Nowitzki,1717,DAL,0.204988864908555,0.122758620689655,1.99261992619926,0.0137694421654743,9.15129151291513,0.885608856088561,0.885608856088561,0.634686346863469,3.37,84
Paul Pierce,1718,LAC,0.196255307914017,0.19375,1.21008403361345,0.0103291113090857,6.72268907563025,0.672268907563025,0.672268907563025,0.773109243697479,3.58,79
Jason Terry,1891,MIL,0.0904126055031488,0.21,2.53763440860215,0.00995536677230417,2.58064516129032,1.29032258064516,0.645161290322581,0.946236559139785,3.96,74
Manu Ginobili,1938,SAS,0.0633455277566353,0.109574468085106,4.62365591397849,0.00671941406709335,4.08602150537634,2.58064516129032,0.43010752688172,1.63440860215054,3.73,78
LaMarcus Aldridge,200746,SAS,0.233105660767878,0.158552631578947,1.5609756097561,0.0241402362029265,6.09756097560976,0.731707317073171,1.58536585365854,0.829268292682927,3.84,83
Randy Foye,200751,BKN,0.0930895485825,0.120588235294118,1.7989417989418,0.00306264643278257,4.65608465608466,1.05820105820106,0.211640211640212,0.931216931216931,3.85,76
Rudy Gay,200752,SAC,0.134534072813135,0.183246073298429,3.31360946745562,0.016209790713591,6.15384615384615,1.77514792899408,1.06508875739645,1.38461538461538,3.92,80
JJ Redick,200755,LAC,0.0809246789733254,0.0993630573248408,1.94326241134752,0.00206413259987822,2.83687943262411,0.99290780141844,0.141843971631206,0.723404255319149,4,76
Thabo Sefolosha,200757,ATL,0.140108200607849,0.177018633540373,4.50965250965251,0.011325092441067,5.40540540540541,2.47104247104247,0.772200772200772,1.23552123552124,3.95,79
Rajon Rondo,200765,CHI,0.0534463693328419,0.135507246376812,4.11940298507463,0.00431443610320131,6.11940298507463,2.08955223880597,0.298507462686567,1.55223880597015,3.86,73
Kyle Lowry,200768,TOR,0.0700883066247375,0.134761904761905,3.92592592592593,0.0046810270173276,4.12698412698413,1.48148148148148,0.317460317460317,1.16402116402116,3.59,72
Sergio Rodriguez,200771,PHI,0.0565199046226609,0.109565217391304,2.26008968609865,0.00270432895457403,3.58744394618834,1.25560538116592,0.179372197309417,1.21973094170404,3.94,75
Paul Millsap,200794,ATL,0.220282383267913,0.198617511520737,3.63636363636364,0.014973733575686,7.15542521994135,1.52492668621701,1.05571847507331,1.21994134897361,3.77,80
J.J. Barea,200826,DAL,0.0551699590674497,0.1264,0.860986547085202,0,3.76681614349776,0.538116591928251,0,1.04035874439462,3.57,72
Kevin Durant,201142,GSW,0.153602726387536,0.167647058823529,2.70238095238095,0.026024723487313,9.04761904761905,1.30952380952381,1.9047619047619,1.02380952380952,3.51,81
Al Horford,201143,BOS,0.24863984019765,0.202732240437158,1.75308641975309,0.0230713258913518,6.66666666666667,0.864197530864198,1.60493827160494,1.34567901234568,3.68,82
Mike Conley,201144,MEM,0.0937240479297663,0.183589743589744,2.95238095238095,0.00563740228502706,3.69047619047619,1.54761904761905,0.357142857142857,1.73809523809524,3.72,73
Jeff Green,201145,ORL,0.151539708265802,0.196212121212121,1.83928571428571,0.00527983104540655,4.46428571428571,0.892857142857143,0.357142857142857,0.821428571428572,3.68,81
Joakim Noah,201149,NYK,0.262238617571944,0.0984848484848485,2.0814479638009,0.0206455608818235,9.41176470588235,1.26696832579185,1.44796380090498,0.742081447963801,3.95,83
Spencer Hawes,201150,MIL,0.256862251322085,0.0981132075471698,1.2972972972973,0.0226551880380607,7.56756756756757,0.810810810810811,1.62162162162162,0.621621621621622,3.74,85
Thaddeus Young,201152,IND,0.165573031092229,0.207142857142857,3.80066445182724,0.00760955379478936,5.71428571428571,2.12624584717608,0.53156146179402,1.40863787375415,3.95,80
Rodney Stuckey,201155,IND,0.0885810005110442,0.138053097345133,1.43016759776536,0,4.46927374301676,0.893854748603352,0,1.13966480446927,3.62,77
Nick Young,201156,LAL,0.0864432694689547,0.156462585034014,2.5019305019305,0.00454878860073577,2.93436293436293,0.926640926640927,0.308880308880309,0.586872586872587,3.76,79
Marco Belinelli,201158,CHA,0.0783611774065235,0.200645161290323,2.05,0.00246062992125984,3.66666666666667,1,0.166666666666667,0.683333333333333,3.87,77
Jason Smith,201160,WAS,0.300016969285593,0.188372093023256,1.62758620689655,0.0300010714668381,7.17241379310345,0.827586206896552,1.93103448275862,0.744827586206897,4,84
Jared Dudley,201162,PHX,0.183214390050499,0.166942148760331,2.76635514018692,0.00831923684867308,5.60747663551402,1.30841121495327,0.560747663551402,0.728971962616823,3.55,79
Wilson Chandler,201163,DEN,0.125804525247163,0.205294117647059,1.81935483870968,0.00731562342828403,6.32258064516129,0.903225806451613,0.516129032258065,0.72258064516129,3.66,80
Aaron Brooks,201166,IND,0.115210843373494,0.18,2.19259259259259,0.00459136822773186,2.37037037037037,1.18518518518519,0.296296296296296,0.918518518518519,3.84,72
Arron Afflalo,201167,SAC,0.0864687371733479,0.164666666666667,0.895752895752896,0.00235800394965662,2.93436293436293,0.617760617760618,0.154440154440154,0.370656370656371,3.79,77
Josh McRoberts,201177,MIA,0.181947690039114,0.148192771084337,2.42774566473988,0.0070657021983166,5.31791907514451,1.15606936416185,0.46242774566474,0.832369942196532,3.62,82
Marc Gasol,201188,MEM,0.228579602345873,0.0902564102564102,1.91304347826087,0.0238729225966394,6.26086956521739,1.04347826086957,1.50724637681159,0.823188405797101,3.36,85
Ramon Sessions,201196,CHA,0.0772762907380446,0.144444444444444,2.12345679012346,0.00348942703608068,2.96296296296296,1.23456790123457,0.246913580246914,1.23456790123457,3.74,75
Anthony Tolliver,201229,SAC,0.17049090410458,0.147916666666667,1.89473684210526,0.00826947461271294,4.91228070175439,0.87719298245614,0.526315789473684,0.842105263157895,3.88,80
Michael Beasley,201563,MIL,0.158107766253478,0.193805309734513,2.34146341463415,0.0184420182944821,6.58536585365854,0.975609756097561,1.21951219512195,1.07317073170732,3.99,82
Derrick Rose,201565,NYK,0.0768844221105528,0.135449735449735,1.67384615384615,0.00511073253833049,3.44615384615385,0.861538461538462,0.369230769230769,1.40307692307692,3.79,75
Russell Westbrook,201566,OKC,0.0477964433823013,0.0849462365591398,3.35446685878963,0.00652730862747018,10.3746397694525,1.95965417867435,0.461095100864553,1.52161383285303,3.52,75
Kevin Love,201567,CLE,0.140754078981732,0.13031914893617,2.01929260450161,0.00724959447580901,10.9324758842444,1.15755627009646,0.514469453376206,1.40192926045016,3.84,82
Danilo Gallinari,201568,DEN,0.10508454742262,0.190555555555556,1.33333333333333,0.00494010127207608,5.30973451327434,0.707964601769911,0.353982300884956,0.908554572271386,3.53,82
Eric Gordon,201569,HOU,0.074959453750017,0.143157894736842,1.62057877813505,0.00897883688147037,2.82958199356913,0.90032154340836,0.643086816720257,0.861736334405145,3.62,76
D.J. Augustin,201571,ORL,0.063451171222747,0.164485981308411,1.52284263959391,0,2.63959390862944,0.812182741116751,0,1.11675126903553,3.64,72
Brook Lopez,201572,BKN,0.323769413003422,0.136942675159236,1.46440677966102,0.031663252002235,5.15254237288136,0.677966101694915,2.30508474576271,1.07118644067797,3.67,84
Brandon Rush,201575,MIN,0.113048578894044,0.156589147286822,1.6,0.0137584700581295,3.34883720930233,0.930232558139535,0.930232558139535,0.558139534883721,4.28,78
Robin Lopez,201577,CHI,0.412380065409023,0.133093525179856,0.768683274021352,0.0309098308717087,4.69750889679715,0.284697508896797,2.13523131672598,0.697508896797153,3.75,84
Marreese Speights,201578,LAC,0.268677337331158,0.13875,1.5796178343949,0.0199926027369873,8.9171974522293,0.764331210191083,1.27388535031847,0.585987261146497,3.64,82
Alexis Ajinca,201582,NOP,0.290693806958026,0.105434782608696,2.91970802919708,0.0247596253043371,9.05109489051095,1.45985401459854,1.75182481751825,1.16788321167883,3.72,86
Ryan Anderson,201583,HOU,0.165132336018412,0.133333333333333,1.15436241610738,0.00385653682992673,4.16107382550336,0.536912751677852,0.268456375838926,0.697986577181208,3.55,82
Courtney Lee,201584,NYK,0.078437443558583,0.151366120218579,2.52173913043478,0.0052578999947421,3.35403726708075,1.36645962732919,0.372670807453416,1.1304347826087,4,77
Kosta Koufos,201585,SAC,0.321393034825871,0.104166666666667,2.14,0.0218068535825545,8,1,1.4,0.62,4.07,84
Nicolas Batum,201587,CHA,0.103440088809605,0.156164383561644,2.39067055393586,0.00657248838518068,6.64723032069971,1.28279883381924,0.466472303206997,0.75801749271137,3.97,80
George Hill,201588,UTA,0.112833061446438,0.207142857142857,2.6125,0.00383288616328095,3.75,1.25,0.25,0.875,3.74,75
Darrell Arthur,201589,DEN,0.221575044284985,0.141489361702128,3.08496732026144,0.0191912794826031,5.49019607843137,1.04575163398693,1.30718954248366,1.4640522875817,3.61,81
DeAndre Jordan,201599,LAC,0.228210633331327,0.112,1.42586750788644,0.0309779464354861,12.7444794952681,0.757097791798107,2.14511041009464,0.643533123028391,3.58,83
Omer Asik,201600,NOP,0.257992477668077,0.0747368421052631,1.82051282051282,0.0113139236687283,9.48717948717949,0.512820512820513,0.769230769230769,0.41025641025641,3.75,84
Luc Mbah a Moute,201601,LAC,0.18405394684649,0.161788617886179,3.49090909090909,0.0106638229805385,2.90909090909091,1.81818181818182,0.727272727272727,1.12727272727273,3.96,80
Goran Dragic,201609,MIA,0.0899336949969861,0.138364779874214,2.38805970149254,0.00348583877995643,3.58208955223881,1.43283582089552,0.238805970149254,1.07462686567164,3.85,75
Blake Griffin,201933,LAC,0.128658574157373,0.161081081081081,2.09970674486804,0.00677134030217106,7.3900293255132,1.17302052785924,0.469208211143695,1.45454545454545,3.56,82
James Harden,201935,HOU,0.101392157418696,0.163800904977376,3.12328767123288,0.00755443917732157,7.56164383561644,1.64383561643836,0.547945205479452,1.12876712328767,3.3,77
Ricky Rubio,201937,MIN,0.0606711409395973,0.138918918918919,4.58536585365854,0.00179372197309417,3.90243902439024,2.07317073170732,0.121951219512195,1.4390243902439,3.95,76
Stephen Curry,201939,GSW,0.0696547918327304,0.144162436548223,3.98805970149254,0.0033072884368928,4.41791044776119,2.14925373134328,0.238805970149254,1.82686567164179,3.78,75
DeMar DeRozan,201942,TOR,0.0451233269306991,0.119402985074627,2.12957746478873,0.00327338939012664,4.84507042253521,1.23943661971831,0.225352112676056,1.25070422535211,3.58,79
Gerald Henderson,201945,PHI,0.0884836073491625,0.1888,1.97402597402597,0.00521097953387788,3.80952380952381,1.03896103896104,0.346320346320346,1.12554112554113,3.95,77
James Johnson,201949,MIA,0.193090423626714,0.234615384615385,3.13754646840149,0.0251652902015511,5.79925650557621,1.48698884758364,1.63568773234201,1.11524163568773,3.73,81
Jrue Holiday,201950,NOP,0.0941103268583873,0.195238095238095,3.92749244712991,0.0117505361182104,3.98791540785498,1.93353474320242,0.845921450151057,1.46223564954683,3.67,76
Ty Lawson,201951,SAC,0.070576829859428,0.113636363636364,3.104,0.00242792109256449,3.04,1.76,0.16,1.536,3.84,71
Jeff Teague,201952,IND,0.0813141683778234,0.153092783505155,3.15076923076923,0.00715243629861421,4.55384615384615,1.47692307692308,0.492307692307692,1.15692307692308,3.53,74
Darren Collison,201954,SAC,0.0644579089854325,0.128494623655914,2.67105263157895,0.00201499153703554,2.5,1.31578947368421,0.131578947368421,1.07894736842105,3.87,72
DeMarre Carroll,201960,TOR,0.131735271507443,0.21006711409396,3.65151515151515,0.00919159887862494,4.54545454545454,1.66666666666667,0.606060606060606,1.10606060606061,3.98,80
Wayne Ellington,201961,MIA,0.0898644928694478,0.186363636363636,1.76859504132231,0.00255405008492217,2.97520661157025,0.826446280991736,0.165289256198347,1.20661157024793,3.89,76
Toney Douglas,201962,MEM,0.079090136610236,0.134408602150538,3.65853658536585,0.00813041180535794,4.87804878048781,1.95121951219512,0.487804878048781,1.63414634146341,4.28,74
Dante Cunningham,201967,NOP,0.177385928553866,0.194078947368421,1.95238095238095,0.00915981588770066,5.23809523809524,0.952380952380952,0.634920634920635,0.746031746031746,4.05,80
Jonas Jerebko,201973,BOS,0.188372093023256,0.147311827956989,1.8,0.00754716981132075,6.75,0.75,0.5,0.8,3.88,82
Jodie Meeks,201975,ORL,0.086864853468269,0.162809917355372,3.46666666666667,0.00279212620410443,4,1.9047619047619,0.19047619047619,1.16190476190476,3.95,76
Patrick Beverley,201976,HOU,0.0932835820895522,0.182162162162162,3.94788273615635,0.00749906261717286,5.7328990228013,1.95439739413681,0.521172638436482,2.00651465798046,4.09,73
Marcus Thornton,201977,WAS,0.050421131037644,0.146153846153846,2.22988505747126,0.00359027752845295,3.67816091954023,1.37931034482759,0.229885057471264,1.10344827586207,3.82,76
Danny Green,201980,SAS,0.148088008443615,0.219117647058824,3.91111111111111,0.0180210621163485,4.14814814814815,1.48148148148148,1.18518518518519,0.696296296296296,4.14,78
Patty Mills,201988,SAS,0.0597451685667256,0.13,2.64253393665158,0,2.53393665158371,1.44796380090498,0,1.28506787330317,4.07,72
Garrett Temple,202066,SAC,0.128712103589982,0.232142857142857,3.84848484848485,0.00939099403671879,3.48484848484848,1.96969696969697,0.606060606060606,1.06060606060606,3.92,78
Wesley Matthews,202083,DAL,0.0949244737157865,0.207909604519774,3.07163323782235,0.00362295868921355,3.89684813753582,1.26074498567335,0.229226361031519,1.14613180515759,3.78,77
John Wall,202322,WAS,0.0842551188514945,0.0913875598086124,4.1978021978022,0.00946521533364884,3.73626373626374,2.1978021978022,0.659340659340659,1.65934065934066,3.42,76
Evan Turner,202323,POR,0.137027882572308,0.231578947368421,2.47843137254902,0.00949526720275363,5.01960784313725,1.25490196078431,0.627450980392157,1.11372549019608,3.78,79
Derrick Favors,202324,UTA,0.282291520999394,0.152631578947368,3.13692946058091,0.0235501913453047,7.30290456431535,1.49377593360996,1.49377593360996,1.22821576763485,3.83,82
Wesley Johnson,202325,LAC,0.187072398652098,0.172058823529412,4.90756302521008,0.0210070242237248,7.73109243697479,1.34453781512605,1.34453781512605,1.07563025210084,3.87,79
Greg Monroe,202328,MIL,0.240307523338825,0.0926470588235294,3.76888888888889,0.0137504297009282,8,1.95555555555556,0.888888888888889,1.38666666666667,3.9,83
Al-Farouq Aminu,202329,POR,0.200253945220388,0.189542483660131,2.40549828178694,0.0140685843486999,8.38487972508591,1.3745704467354,0.962199312714777,1.03092783505155,3.76,81
Gordon Hayward,202330,UTA,0.0922051381860646,0.11219512195122,1.93063583815029,0.00521702838063439,5.54913294797688,1.15606936416185,0.346820809248555,1.27167630057803,3.71,80
Paul George,202331,IND,0.107447803053911,0.199526066350711,3.47486033519553,0.00653461302838473,6.4804469273743,1.7877094972067,0.446927374301676,1.56424581005587,3.8,81
Ed Davis,202334,POR,0.257831993346271,0.0881188118811881,1.41860465116279,0.0177714590367869,7.44186046511628,0.697674418604651,1.16279069767442,0.86046511627907,3.95,82
Patrick Patterson,202335,TOR,0.175550309074344,0.197945205479452,1.97570850202429,0.00997015185787549,5.82995951417004,0.97165991902834,0.647773279352227,0.59919028340081,3.68,81
Luke Babbitt,202337,MIA,0.225739848589126,0.175342465753425,1.37579617834395,0.0078546882670594,4.84076433121019,0.764331210191083,0.509554140127389,0.636942675159236,3.88,81
Kevin Seraphin,202338,IND,0.302747150065408,0.164634146341463,1.37037037037037,0.0211617818220294,7.03703703703704,0.37037037037037,1.48148148148148,0.481481481481481,3.97,82
Eric Bledsoe,202339,PHX,0.108155364056451,0.153448275862069,3.28484848484848,0.00870549316618786,4.84848484848485,1.6969696969697,0.606060606060606,1.35757575757576,3.84,73
Avery Bradley,202340,BOS,0.0728313507021198,0.136898395721925,3.34131736526946,0.00345832288631628,5.98802395209581,1.55688622754491,0.239520958083832,1.44910179640719,4.11,74
Trevor Booker,202344,BKN,0.130714527599052,0.184931506849315,2.88709677419355,0.00906412871062769,9.83870967741935,1.7741935483871,0.645161290322581,1.43548387096774,3.95,80
Hassan Whiteside,202355,MIA,0.246105215624294,0.0798701298701299,1.77914110429448,0.0380014838674653,12.638036809816,0.858895705521472,2.57668711656442,0.94478527607362,3.67,84
Nemanja Bjelica,202357,MIN,0.207673867263552,0.197,2.75409836065574,0.0103893405366094,6.33879781420765,1.31147540983607,0.655737704918033,1.26775956284153,3.87,82
Timofey Mozgov,202389,LAL,0.343473551182524,0.126495726495726,1.09803921568627,0.0177221172022684,5.88235294117647,0.588235294117647,1.17647058823529,0.431372549019608,4.05,85
Jeremy Lin,202391,BKN,0.15900773988795,0.1272,3.36929460580913,0.00922105166094193,5.47717842323651,1.99170124481328,0.663900414937759,2.14107883817427,3.82,75
Ish Smith,202397,DET,0.125085805811914,0.157936507936508,2.57142857142857,0.0103034361959714,4.53781512605042,1.34453781512605,0.672268907563025,1.32773109243697,3.8,72
Lance Thomas,202498,NYK,0.0690034062190968,0.157446808510638,2.15238095238095,0.00271352011396784,4.57142857142857,0.952380952380952,0.19047619047619,0.952380952380952,4.08,80
Kyrie Irving,202681,CLE,0.0670922809053976,0.0966019417475728,2.86857142857143,0.00471142520612485,2.85714285714286,1.37142857142857,0.342857142857143,1.41714285714286,3.64,75
Enes Kanter,202683,OKC,0.240544195385813,0.137962962962963,1.79439252336449,0.0170440019316536,7.66355140186916,0.934579439252337,1.1214953271028,0.766355140186916,3.87,83
Tristan Thompson,202684,CLE,0.265795236698299,0.161714285714286,1.2624584717608,0.0203159124384174,7.44186046511628,0.664451827242525,1.46179401993356,1.11627906976744,3.99,81
Jonas Valanciunas,202685,TOR,0.306136680613668,0.075177304964539,1.33846153846154,0.018700327255727,10.3076923076923,0.769230769230769,1.23076923076923,0.830769230769231,3.84,84
Bismack Biyombo,202687,ORL,0.305031605562579,0.10952380952381,1.13777777777778,0.029475799698543,9.06666666666666,0.533333333333333,1.95555555555556,1.22666666666667,3.89,81
Brandon Knight,202688,PHX,0.0802343352012226,0.194827586206897,1.43396226415094,0.00284446467174878,3.20754716981132,0.943396226415094,0.188679245283019,0.981132075471698,4.02,75
Kemba Walker,202689,CHA,0.096258344977488,0.165470852017937,2.54755043227666,0.00492239031273587,3.9193083573487,1.26801152737752,0.345821325648415,1.29106628242075,3.58,73
Klay Thompson,202691,GSW,0.106403102241559,0.141145833333333,1.67251461988304,0.00813113900995252,3.62573099415205,0.935672514619883,0.584795321637427,1.12280701754386,3.77,79
Markieff Morris,202693,WAS,0.180429287639477,0.151111111111111,2.76038338658147,0.0111516908751289,6.51757188498402,1.40575079872204,0.766773162939297,0.920127795527157,3.58,82
Marcus Morris,202694,DET,0.103413163358415,0.164912280701754,1.74018126888218,0.00546353545379215,4.47129909365559,0.845921450151057,0.362537764350453,0.833836858006042,3.78,81
Kawhi Leonard,202695,SAS,0.107100036652565,0.146951219512195,4.10619469026549,0.014123608052222,5.66371681415929,2.12389380530973,0.943952802359882,1.53392330383481,3.89,79
Nikola Vucevic,202696,ORL,0.224864174784747,0.07625,2.5979381443299,0.0198156156959492,10.9965635738832,1.3745704467354,1.3745704467354,0.934707903780069,3.7,84
Iman Shumpert,202697,CLE,0.0948145083436767,0.168354430379747,3,0.00892777430586555,3.75,1.25,0.625,0.8125,4.01,77
Tobias Harris,202699,DET,0.166950714757748,0.211976047904192,1.94285714285714,0.00949870580133457,5.46031746031746,0.888888888888889,0.634920634920635,0.736507936507936,3.75,81
Kenneth Faried,202702,DEN,0.193175810321689,0.144827586206897,2.20560747663551,0.0193428942496339,8.5981308411215,1.30841121495327,1.30841121495327,1.30841121495327,3.9,80
Nikola Mirotic,202703,CHI,0.200108361928842,0.200787401574803,2.2928870292887,0.0198093351491891,7.69874476987448,1.17154811715481,1.33891213389121,1.05439330543933,3.78,82
Reggie Jackson,202704,DET,0.100897891000209,0.228472222222222,2.12186379928315,0.00225574510080361,2.58064516129032,1.00358422939068,0.14336917562724,0.931899641577061,3.75,75
Cory Joseph,202709,TOR,0.118203977149741,0.217808219178082,2.27667984189723,0.00485858481570781,3.63636363636364,1.26482213438735,0.316205533596838,1.1699604743083,4.22,75
Jimmy Butler,202710,CHI,0.0620871153123154,0.136315789473684,3.80592991913747,0.00610244479194477,4.85175202156334,2.04851752021563,0.431266846361186,1.34770889487871,3.88,79
Kyle Singler,202713,OKC,0.148575754708053,0.161818181818182,1.68627450980392,0.00622393726271239,3.92156862745098,0.392156862745098,0.392156862745098,0,3.9,80
Shelvin Mack,202714,UTA,0.0989095122809196,0.216,3.1214953271028,0,3.36448598130841,1.49532710280374,0,1.02803738317757,4.1,75
Chandler Parsons,202718,MEM,0.0898018166804294,0.139090909090909,2.14141414141414,0.00329207268896497,4.64646464646465,1.21212121212121,0.202020202020202,0.828282828282828,3.71,82
Jon Leuer,202720,DET,0.215564738292011,0.157553956834532,1.18352059925094,0.00931532370749884,6.14232209737828,0.599250936329588,0.599250936329588,0.794007490636704,3.98,82
Davis Bertans,202722,SAS,0.253847497428533,0.158208955223881,1.54621848739496,0.0204271834744086,4.03361344537815,1.00840336134454,1.34453781512605,0.907563025210084,3.87,82
Lavoy Allen,202730,IND,0.192096597145993,0.2,1.79591836734694,0.0169664065151001,5.17006802721088,0.816326530612245,1.08843537414966,1.00680272108844,4.01,81
DeAndre Liggins,202732,CLE,0.107373068432671,0.150602409638554,5.056,0.00890620651266351,4.48,2.56,0.64,1.28,4.52,78
E'Twaun Moore,202734,NOP,0.123338685981755,0.153061224489796,2.44444444444444,0.0113716482066911,2.53968253968254,1.11111111111111,0.793650793650794,1.03174603174603,3.91,76
Isaiah Thomas,202738,BOS,0.0645636430587947,0.127659574468085,1.8,0.00335936843873352,2.47058823529412,1.05882352941176,0.235294117647059,1.18823529411765,3.57,69
Anthony Davis,203076,NOP,0.226784817064815,0.1625,2.62258953168044,0.034750551476143,10.5785123966942,1.43250688705234,2.53443526170799,1.22314049586777,3.53,83
Michael Kidd-Gilchrist,203077,CHA,0.190692177468298,0.235897435897436,2.21917808219178,0.0196823272383727,6.98630136986301,1.36986301369863,1.36986301369863,1.32876712328767,4.28,79
Bradley Beal,203078,WAS,0.0859570462483589,0.223618090452261,2.81609195402299,0.00497768338615208,2.75862068965517,1.26436781609195,0.344827586206897,1.36781609195402,3.79,77
Dion Waiters,203079,MIA,0.118294921476647,0.20354609929078,2.6578073089701,0.00786279424050322,3.85382059800664,1.19601328903654,0.53156146179402,0.863787375415282,3.69,76
Thomas Robinson,203080,LAL,0.18615730733601,0.140789473684211,3.78761061946903,0.0105627294092794,9.91150442477876,2.12389380530973,0.707964601769911,1.69911504424779,3.92,82
Damian Lillard,203081,POR,0.080280184667167,0.144864864864865,2.29050279329609,0.00480222823390053,4.80446927374302,1.00558659217877,0.335195530726257,1.01675977653631,3.58,75
Andre Drummond,203083,DET,0.217127327396785,0.0961290322580645,3.71052631578947,0.0219613480274717,12.7631578947368,2.10526315789474,1.44736842105263,1,3.89,83
Harrison Barnes,203084,DAL,0.141414141414141,0.177653631284916,1.86666666666667,0.00353919660237126,4.33333333333333,0.888888888888889,0.222222222222222,0.977777777777778,3.91,80
Austin Rivers,203085,LAC,0.0970645054893276,0.111486486486486,2.14388489208633,0.00214433520247885,2.73381294964029,0.863309352517986,0.143884892086331,0.920863309352518,3.88,76
Meyers Leonard,203086,POR,0.3597729588124,0.142857142857143,1.64556962025316,0.0160787860516531,6.83544303797468,0.506329113924051,1.0126582278481,0.582278481012658,3.57,85
Jeremy Lamb,203087,CHA,0.138175860185691,0.190243902439024,2.09944751381215,0.0130676249591637,8.39779005524862,0.883977900552486,0.883977900552486,0.861878453038674,4.08,77
John Henson,203089,MIL,0.337967401725791,0.10695652173913,2.46938775510204,0.0432632880098887,7.3469387755102,1.02040816326531,2.85714285714286,0.693877551020408,3.85,83
Maurice Harkless,203090,POR,0.153383027522936,0.170666666666667,3.280276816609,0.0180433039294306,3.87543252595156,1.52249134948097,1.24567474048443,1.01038062283737,4.05,81
Tyler Zeller,203092,BOS,0.326323422770123,0.0861538461538462,1.03846153846154,0.0228154232261008,6.15384615384615,0.384615384615385,1.53846153846154,0.307692307692308,3.88,84
Evan Fournier,203095,ORL,0.0643873221861742,0.14180790960452,2.50602409638554,0,3.01204819277108,1.20481927710843,0,1.34939759036145,3.88,79
Miles Plumlee,203101,CHA,0.303251202799242,0.0533333333333333,3.25490196078431,0.016864828400371,4.70588235294118,1.56862745098039,1.17647058823529,0.823529411764706,4.07,83
Tomas Satoransky,203107,WAS,0.123629577793329,0.145205479452055,3.12195121951219,0.00496007142502852,3.2520325203252,1.30081300813008,0.32520325203252,0.975609756097561,4.15,79
Jae Crowder,203109,BOS,0.0918388645376748,0.202234636871508,2.95061728395062,0.00533542007540727,6.17283950617284,1.23456790123457,0.37037037037037,1.12345679012346,3.79,78
Draymond Green,203110,GSW,0.244001214943809,0.218229166666667,4.82926829268293,0.023846835184302,8.04878048780488,2.5609756097561,1.70731707317073,1.5,3.49,79
Quincy Acy,203112,BKN,0.241940673058362,0.172340425531915,3.40939597315436,0.0160378493244056,6.97986577181208,1.0738255033557,1.0738255033557,0.51006711409396,3.78,79
Will Barton,203115,DEN,0.0950639853747715,0.13921568627451,2.24561403508772,0.0101035615054307,4.63157894736842,1.12280701754386,0.701754385964912,0.884210526315789,3.69,78
Mike Scott,203118,ATL,0.167872939284278,0.194594594594595,1.44444444444444,0.011528706479133,5.55555555555556,0.740740740740741,0.740740740740741,1.03703703703704,3.94,80
Justin Hamilton,203120,BKN,0.364664053240952,0.176923076923077,2,0.0216463603191292,6.30434782608696,1.08695652173913,1.52173913043478,0.565217391304348,4.02,84
Kyle O'Quinn,203124,NYK,0.342149362477231,0.127659574468085,2.16774193548387,0.0489526947517063,9.29032258064516,1.03225806451613,3.35483870967742,1.41935483870968,3.8,82
Mirza Teletovic,203141,MIL,0.171641791044776,0.158333333333333,1.075,0.00778816199376947,5.25,0.5,0.5,0.6,3.78,81
Kent Bazemore,203145,ATL,0.118257432265503,0.145562130177515,3.97037037037037,0.0148124636301116,3.85185185185185,1.77777777777778,1.03703703703704,0.859259259259259,4,77
Willie Reed,203186,MIA,0.2596281335759,0.11304347826087,1.34246575342466,0.030282710735221,7.94520547945205,0.821917808219178,1.91780821917808,0.849315068493151,3.94,83
Justin Holiday,203200,NYK,0.135356454720617,0.18099173553719,2.95918367346939,0.0121728545343883,4.89795918367347,1.42857142857143,0.816326530612245,1.30612244897959,3.97,78
JaMychal Green,203210,MEM,0.163494940341338,0.186335403726708,2.17518248175182,0.00939319932368965,7.15328467153285,0.875912408759124,0.583941605839416,0.715328467153285,3.96,81
Aron Baynes,203382,DET,0.35469622468539,0.0931034482758621,1.10967741935484,0.0210981591856111,7.74193548387097,0.516129032258065,1.29032258064516,0.72258064516129,3.87,82
Alex Len,203458,PHX,0.397147007744148,0.115789473684211,1.61576354679803,0.037913862620577,9.06403940886699,0.985221674876847,2.5615763546798,0.886699507389163,3.77,85
Allen Crabbe,203459,POR,0.0800504021050291,0.141958041958042,1.95087719298246,0.00624625875126877,3.64912280701754,0.982456140350877,0.421052631578947,0.884210526315789,3.87,78
Andre Roberson,203460,OKC,0.193945127719962,0.18109756097561,3.27152317880795,0.0191065764836257,5.16556291390729,1.58940397350993,1.32450331125828,0.95364238410596,4.16,79
Ben McLemore,203463,SAC,0.101920815366523,0.165873015873016,2.7379679144385,0.00328331746396559,3.20855614973262,1.06951871657754,0.213903743315508,0.79144385026738,4.21,77
CJ McCollum,203468,POR,0.122341907326586,0.192777777777778,1.75358166189112,0.00818652171065558,3.32378223495702,1.03151862464183,0.573065902578797,1.18051575931232,3.85,75
Cody Zeller,203469,CHA,0.269654483859131,0.067032967032967,2.82437275985663,0.021054072120724,6.16487455197133,1.4336917562724,1.4336917562724,1.53405017921147,3.85,84
Dennis Schroder,203471,ATL,0.081399519880798,0.131794871794872,2.08860759493671,0.00358802317862973,3.29113924050633,1.13924050632911,0.253164556962025,1.48101265822785,3.84,73
Dewayne Dedmon,203473,SAS,0.360914316267879,0.168965517241379,2.38202247191011,0.0291944165678314,11.0112359550562,1.12359550561798,1.79775280898876,0.98876404494382,3.76,84
Gorgui Dieng,203476,MIN,0.283691808773735,0.157865168539326,3.24458204334365,0.0220204698617757,7.05882352941177,1.36222910216718,1.48606811145511,1.18885448916409,3.82,83
Isaiah Canaan,203477,CHI,0.0704785722405365,0.108988764044944,2.38961038961039,0,2.85714285714286,1.55844155844156,0,1.01298701298701,4.15,72
Kelly Olynyk,203482,BOS,0.26147930332504,0.235652173913044,2.6078431372549,0.0119029906263949,7.25490196078431,1.17647058823529,0.784313725490196,1.03921568627451,3.79,84
Kentavious Caldwell-Pope,203484,DET,0.059303566521603,0.116571428571429,2.71386430678466,0.00353227394550584,2.94985250737463,1.41592920353982,0.23598820058997,1.08554572271386,3.83,77
Michael Carter-Williams,203487,CHI,0.138155413051679,0.160952380952381,3.72916666666667,0.0157688911315756,6.25,1.66666666666667,1.04166666666667,1.9375,4.01,78
Mike Muscala,203488,ATL,0.328551464506745,0.170434782608696,1.79310344827586,0.020667206310387,5.28735632183908,0.919540229885058,1.37931034482759,0.574712643678161,4.01,83
Reggie Bullock,203493,DET,0.0957757309890417,0.183132530120482,2.36496350364964,0.00442394682415917,4.37956204379562,1.45985401459854,0.291970802919708,0.642335766423358,3.99,79
Robert Covington,203496,PHI,0.105282407649302,0.182608695652174,5.34177215189873,0.0183897899885983,6.45569620253164,2.40506329113924,1.26582278481013,1.07594936708861,3.82,81
Rudy Gobert,203497,UTA,0.314445212923624,0.0924528301886793,1.98240469208211,0.0478859250851305,10.4398826979472,0.703812316715542,3.16715542521994,0.680351906158358,3.85,85
Shabazz Muhammad,203498,MIN,0.0790551940226561,0.144859813084112,0.882051282051282,0.00318015582763555,3.69230769230769,0.615384615384615,0.205128205128205,1.00512820512821,4.21,78
Steven Adams,203500,OKC,0.277267693687885,0.16583850931677,2.49833887043189,0.0193163928567979,5.58139534883721,1.46179401993356,1.32890365448505,1.3421926910299,3.77,84
Tim Hardaway Jr.,203501,ATL,0.0951068692028498,0.192696629213483,1.86764705882353,0.00420556817226007,3.38235294117647,1.02941176470588,0.294117647058824,0.823529411764706,3.78,78
Tony Snell,203503,MIL,0.0937490266919986,0.184615384615385,2.24657534246575,0.00408104964596894,3.97260273972603,0.958904109589041,0.273972602739726,0.808219178082192,3.91,79
Trey Burke,203504,WAS,0.08328570262105,0.136111111111111,2.34710743801653,0.00514218131331311,2.31404958677686,0.661157024793388,0.330578512396694,0.793388429752066,4.11,73
Victor Oladipo,203506,OKC,0.10021987012323,0.212849162011173,2.98203592814371,0.00526186550671765,4.4311377245509,1.43712574850299,0.359281437125749,1.44910179640719,3.93,76
Giannis Antetokounmpo,203507,MIL,0.168648648648649,0.168316831683168,3.03098591549296,0.031926065952531,7.77464788732394,1.80281690140845,2.14084507042254,1.47605633802817,3.6,83
Lucas Nogueira,203512,TOR,0.405038759689923,0.160169491525424,3.39583333333333,0.0462392108508015,6.04166666666667,1.875,3.125,0.958333333333333,3.83,84
James Ennis III,203516,MEM,0.134923192609303,0.183458646616541,2.48510638297872,0.00820288468111286,4.93617021276596,1.19148936170213,0.51063829787234,1.34468085106383,4.16,79
Alex Abrines,203518,OKC,0.127151541785688,0.168292682926829,2.27096774193548,0.0039578489091179,2.58064516129032,1.29032258064516,0.258064516129032,0.748387096774193,3.97,78
Matthew Dellavedova,203521,MIL,0.0980688128367685,0.19559748427673,1.86973180076628,0,2.45210727969349,1.0727969348659,0,0.827586206896552,3.74,76
Solomon Hill,203524,NOP,0.120037202813463,0.170718232044199,3,0.00761817697025102,4.32432432432432,1.21621621621622,0.540540540540541,1.05405405405405,3.83,79
Ian Clark,203546,GSW,0.0824381713714714,0.17093023255814,2.66666666666667,0.0040630586705672,3.61111111111111,1.38888888888889,0.277777777777778,0.972222222222222,3.98,75
Seth Curry,203552,DAL,0.0659663241915002,0.171621621621622,3.12925170068027,0.00221638573977415,2.99319727891156,1.49659863945578,0.136054421768707,1.07482993197279,3.91,74
Troy Daniels,203584,MEM,0.101639242663692,0.184545454545455,1.50561797752809,0.00368520941202484,2.69662921348315,0.674157303370786,0.224719101123595,1.07865168539326,3.9,76
Rodney McGruder,203585,MIA,0.122670755691856,0.190598290598291,2.03149606299213,0.00479627808820355,3.30708661417323,0.94488188976378,0.31496062992126,1.37007874015748,4.29,76
Jonathon Simmons,203613,SAS,0.0885953608247423,0.157608695652174,2.79545454545454,0.0107820586543991,3.86363636363636,1.36363636363636,0.681818181818182,0.863636363636364,3.87,78
Jamal Crawford,2037,LAC,0.0485222761358624,0.0826086956521739,2.26615969581749,0.00462203323241894,2.12927756653992,1.21673003802281,0.304182509505703,0.775665399239544,3.68,77
Jordan McRae,203895,CLE,0.127854615632036,0.144776119402985,1.76923076923077,0.0104515050167224,3.46153846153846,0.769230769230769,0.769230769230769,0.423076923076923,3.72,77
Zach LaVine,203897,MIN,0.0591386627704724,0.164824120603015,1.8494623655914,0.0031736460432568,3.2258064516129,0.967741935483871,0.21505376344086,0.827956989247312,4.03,77
Elfrid Payton,203901,ORL,0.10887533489141,0.181481481481481,3.60544217687075,0.0097492493078033,4.89795918367347,1.49659863945578,0.680272108843537,1.4421768707483,4.09,76
Semaj Christon,203902,OKC,0.105406002461577,0.135526315789474,2.66666666666667,0.0042655746795487,2.99319727891156,1.36054421768707,0.272108843537415,0.897959183673469,3.89,75
Jordan Clarkson,203903,LAL,0.0831315812501823,0.175609756097561,2.6986301369863,0.00197304816210564,3.28767123287671,1.50684931506849,0.136986301369863,1.35616438356164,3.95,77
Gary Harris,203914,DEN,0.0580159345135205,0.141860465116279,3.57281553398058,0.00363978834630766,2.71844660194175,1.68284789644013,0.258899676375405,1.17799352750809,3.78,76
Nik Stauskas,203917,PHI,0.101499352131795,0.18029197080292,1.53846153846154,0.00867415535412239,3.80952380952381,0.879120879120879,0.586080586080586,0.952380952380952,3.9,78
Rodney Hood,203918,UTA,0.10147291843919,0.157258064516129,1.39194139194139,0.00450164028517891,4.54212454212454,1.02564102564103,0.293040293040293,0.937728937728938,3.84,80
Jerami Grant,203924,OKC,0.185886402753873,0.166666666666667,2.03141361256545,0.031262211801485,4.18848167539267,0.837696335078534,2.09424083769634,0.670157068062827,3.93,81
Joe Harris,203925,BKN,0.143023737699862,0.169402985074627,1.75342465753425,0.00508391639499488,4.5662100456621,1.0958904109589,0.365296803652968,0.91324200913242,4.02,78
Sean Kilpatrick,203930,BKN,0.0672606928840495,0.14551724137931,1.92828685258964,0.0022306615584517,5.89641434262948,0.956175298804781,0.159362549800797,0.908366533864542,3.85,76
Aaron Gordon,203932,ORL,0.117660003667706,0.147682119205298,1.97909407665505,0.0101664760452408,4.87804878048781,1.11498257839721,0.696864111498258,0.961672473867596,3.98,81
TJ Warren,203933,PHX,0.0718871027640724,0.133132530120482,2.81672025723473,0.0110501307598807,3.98713826366559,1.41479099678457,0.771704180064309,1.11897106109325,4.1,80
Marcus Smart,203935,BOS,0.0937171552026159,0.197647058823529,3.90789473684211,0.00780457348005931,3.81578947368421,2.10526315789474,0.526315789473684,1.26315789473684,3.67,76
Kyle Anderson,203937,SAS,0.118170308086875,0.149333333333333,3.2992700729927,0.0174661048402943,7.00729927007299,1.75182481751825,1.16788321167883,1.02189781021898,3.82,81
Dwight Powell,203939,DAL,0.318452519786662,0.184375,3.52095808383234,0.0194721110689215,6.46706586826347,1.91616766467066,1.19760479041916,0.862275449101796,4.02,83
Noah Vonleh,203943,POR,0.234873769197745,0.196590909090909,1.96319018404908,0.0111722481356311,8.34355828220859,0.98159509202454,0.736196319018405,1.34969325153374,4.07,81
Julius Randle,203944,LAL,0.190824079485681,0.17710843373494,1.9448275862069,0.00983864620228257,9.24137931034483,0.96551724137931,0.689655172413793,1.29655172413793,3.6,81
Andrew Wiggins,203952,MIN,0.105551938993769,0.228708133971292,1.7741935483871,0.00625860558267618,3.01075268817204,1.0752688172043,0.43010752688172,1.08602150537634,3.64,80
Jabari Parker,203953,MIL,0.119853541606301,0.227536231884058,2.4306784660767,0.00681860798118064,5.42772861356932,1.17994100294985,0.471976401179941,1.29793510324484,3.92,80
Joel Embiid,203954,PHI,0.360995483128155,0.132624113475177,3.1496062992126,0.0590632567479771,9.29133858267717,1.41732283464567,3.93700787401575,0.913385826771654,3.77,84
Dante Exum,203957,UTA,0.130081300813008,0.198888888888889,1.72677595628415,0.00689952565761104,3.27868852459016,0.655737704918033,0.437158469945355,1.26775956284153,4.14,78
Dario Saric,203967,PHI,0.197670892715188,0.166666666666667,1.68821292775665,0.00896755426771512,7.45247148288973,1.06463878326996,0.608365019011407,1.29277566539924,3.98,82
Clint Capela,203991,HOU,0.31006031006031,0.134042553191489,1.51260504201681,0.0291779123203735,8.90756302521008,0.840336134453782,2.01680672268908,1.4453781512605,3.79,82
Nikola Jokic,203999,DEN,0.271757102059221,0.120779220779221,2.60431654676259,0.0143840542484332,9.7841726618705,1.15107913669065,1.00719424460432,1.20863309352518,3.64,82
Kristaps Porzingis,204001,NYK,0.29081058979863,0.209375,1.80487804878049,0.0342864979770966,6.70731707317073,0.853658536585366,2.4390243902439,1.03658536585366,3.7,87
Tyler Johnson,204020,MIA,0.128752301697189,0.186713286713287,2.76923076923077,0.0121633538420994,4.41471571906354,1.60535117056856,0.802675585284281,1.25752508361204,3.99,76
Tim Frazier,204025,NOP,0.0795588814493895,0.166233766233766,2.87659574468085,0.0024515812699191,3.74468085106383,1.53191489361702,0.170212765957447,1.2936170212766,3.89,73
Tarik Black,204028,LAL,0.344947735191638,0.173958333333333,2.39506172839506,0.0223713646532438,7.16049382716049,0.987654320987654,1.48148148148148,1.1358024691358,3.88,81
Joe Ingles,204060,UTA,0.0772665501844302,0.189830508474576,3.74683544303798,0.00266276128345094,4.89451476793249,2.0253164556962,0.168776371308017,1.29957805907173,3.91,80
Tyson Chandler,2199,PHX,0.223512723453946,0.0685314685314685,1.74358974358974,0.010822569386198,12.014652014652,1.02564102564103,0.732600732600733,0.659340659340659,3.59,85
Pau Gasol,2200,SAS,0.323990616125448,0.137606837606838,1.33333333333333,0.0261461211635024,9.41176470588235,0.627450980392157,1.72549019607843,0.564705882352941,3.71,84
Joe Johnson,2207,UTA,0.0747554387501825,0.212280701754386,1.54893617021277,0.00539319782923787,4.59574468085106,0.851063829787234,0.340425531914894,0.714893617021277,3.58,79
Richard Jefferson,2210,CLE,0.125104620941809,0.196666666666667,1.49019607843137,0.00288176133252644,4.31372549019608,0.588235294117647,0.196078431372549,1,3.84,79
Zach Randolph,2216,MEM,0.194757839646519,0.152413793103448,2.41295546558704,0.00264473301420222,9.39271255060729,0.809716599190283,0.161943319838057,1.27935222672065,3.83,81
Tony Parker,2225,SAS,0.063727369542066,0.15609756097561,1.49019607843137,0,2.66666666666667,0.784313725490196,0,0.909803921568627,3.89,74
Mike Dunleavy,2399,ATL,0.119762406838047,0.158823529411765,1.47770700636943,0.00388640051300487,4.84076433121019,0.764331210191083,0.254777070063694,0.560509554140127,3.91,81
Nene,2403,HOU,0.257325519445924,0.155357142857143,3.37777777777778,0.02002002002002,6.22222222222222,1.77777777777778,1.33333333333333,1.55555555555556,3.86,83
Luis Scola,2449,BKN,0.25450764051677,0.112658227848101,2.70866141732283,0.00452811392734641,7.8740157480315,1.25984251968504,0.31496062992126,0.78740157480315,3.87,81
LeBron James,2544,CLE,0.0801638130091927,0.143119266055046,2.32978723404255,0.00886184385431129,7.76595744680851,1.27659574468085,0.638297872340425,1.19148936170213,3.48,80
Carmelo Anthony,2546,NYK,0.0688768646677229,0.191794871794872,2.06376811594203,0.00815477768037349,5.91304347826087,0.927536231884058,0.579710144927536,0.846376811594203,3.54,80
Dwyane Wade,2548,CHI,0.0763118666320209,0.129447852760736,3.35099337748344,0.013242402171754,4.50331125827815,1.98675496688742,0.927152317880795,1.2317880794702,3.58,76
David West,2561,GSW,0.373709354291879,0.145070422535211,4.2258064516129,0.0348640302819006,7.41935483870968,1.93548387096774,2.25806451612903,0.806451612903226,3.49,81
Boris Diaw,2564,UTA,0.151063829787234,0.1625,1.15909090909091,0.00373134328358209,3.40909090909091,0.454545454545455,0.227272727272727,0.727272727272727,3.68,80
Leandro Barbosa,2571,PHX,0.0365205843293493,0.07875,2.75862068965517,0.00433651344319167,3.58620689655172,1.37931034482759,0.275862068965517,1.02068965517241,3.82,75
Zaza Pachulia,2585,GSW,0.274096385542169,0.0809523809523809,4.04444444444445,0.0164365548980934,8.44444444444444,2,1.11111111111111,1.62222222222222,3.82,83
Kyle Korver,2594,CLE,0.110221928883755,0.14025974025974,1.77946768060836,0.00656419233083529,3.95437262357414,0.760456273764259,0.456273764258555,0.714828897338403,3.86,79
Dwight Howard,2730,ATL,0.204074152806386,0.0801075268817204,2.38127090301003,0.0246654745020657,11.7725752508361,1.20401337792642,1.73913043478261,0.749163879598662,3.58,83
Shaun Livingston,2733,GSW,0.0855152027027027,0.155769230769231,2.18181818181818,0.0102235550708833,3.63636363636364,1.13636363636364,0.681818181818182,1.40909090909091,3.77,79
Devin Harris,2734,DAL,0.0680751893532857,0.141489361702128,3.07692307692308,0.00389021804672152,4.2603550295858,1.65680473372781,0.236686390532544,1.20710059171598,3.71,75
Luol Deng,2736,LAL,0.142235123367199,0.2,2.05283018867925,0.00869470709705467,6.18867924528302,1.35849056603774,0.60377358490566,0.649056603773585,3.91,81
Andre Iguodala,2738,GSW,0.0964786902286902,0.143243243243243,3.33333333333333,0.010968760968761,5,1.51515151515152,0.757575757575758,1.27272727272727,3.76,78
Kris Humphries,2743,ATL,0.27936838452195,0.0736842105263158,1.69491525423729,0.0209139391404371,8.47457627118644,0.677966101694915,1.35593220338983,0.677966101694915,3.92,81
Al Jefferson,2744,IND,0.271469973219854,0.0602272727272727,1.71830985915493,0.00891682828417932,8.73239436619718,0.845070422535211,0.563380281690141,0.845070422535211,3.81,82
JR Smith,2747,CLE,0.0709836303056642,0.152469135802469,2.91929824561403,0.00591540964211772,3.2280701754386,1.40350877192982,0.421052631578947,0.814035087719298,3.81,78
Jameer Nelson,2749,DEN,0.0783371305514809,0.14496644295302,1.75824175824176,0.00213033382331011,3.22344322344322,1.02564102564103,0.146520146520147,1.11355311355311,3.44,72
Tony Allen,2754,MEM,0.121457109283196,0.18,4.82909090909091,0.00939104915627293,4.65454545454546,2.47272727272727,0.581818181818182,1.70181818181818,4.03,76
Beno Udrih,2757,DET,0.10626537816924,0.143529411764706,2.29787234042553,0,3.68794326241135,0.851063829787234,0,0.907801418439716,3.66,75
Trevor Ariza,2772,HOU,0.0797590155737405,0.131884057971014,3.5606936416185,0.00324156989229884,5.89595375722543,2.19653179190751,0.23121387283237,1.00578034682081,3.84,80
