CONTESTED_SHOTS_2PT,CONTESTED_SHOTS_3PT,BLK_PER_SHOT,DEFLECTIONS,STL,LOOSE_BALLS_RECOVERED,DREB,AVG_SPEED_DEF,HEIGHT,PLAYER_NAME,TEAM_ABBREVIATION,CLUSTER
1.03473145569764,-2.84246308267811,1.76061114804401,-0.488758594877939,-0.741971237485171,-1.94408698804515,2.54156001155206,-1.09308935799692,1.41224336481753,Andrew Bogut,DAL,1
0.288288428467198,-0.103602877492001,-0.160995574351381,-0.157544238419395,-0.526022179594703,-1.29145694397806,0.588421655745983,-0.717439094600106,0.552792402800007,Marvin Williams,CHA,2
-1.02212026174435,0.0602659375889897,-0.996747663845089,2.74318468072159,3.06723142846681,0.972587042369664,0.225875092432248,-1.84438988479054,-2.02556048325257,Chris Paul,LAC,4
-0.356994434340285,1.31474484855501,-0.136427032412187,0.705874858594224,0.317524769180903,1.65473406291921,-0.49311663337845,1.42913383909596,-1.73907682924673,Raymond Felton,LAC,4
2.14332840140757,-0.63962808972112,0.485159785998965,-0.929174982206662,-1.19330907883669,-1.52758372869243,0.535729912871016,-1.36141097470893,1.12575971081169,Channing Frye,CLE,1
-0.729884259640124,0.56875795747726,-0.965703016458982,-0.400344228954118,-0.895274448755043,-1.0760710254886,-1.05620156747444,-1.57606826807853,-1.16610952123505,Deron Williams,DAL,4
-0.106288943015364,1.17977828671435,-0.111112644695951,-0.752156971565477,-1.13337820213549,0.184625322399987,-0.112607619025318,0.838826282329537,-0.0201749052116781,Gerald Green,BOS,3
0.782581325075434,0.956081440502147,0.127441048996914,-0.981660046938698,-0.372128555526626,0.575898537611817,1.17027302919509,0.463176018932729,0.552792402800007,David Lee,SAS,2
0.26934207039536,-0.955259935119731,-0.182780327226817,-0.890131266760247,-1.18172580014654,1.32165285376695,-0.0406911869158088,0.570504665617532,0.266308748794164,Brandon Bass,LAC,1
-0.626272861960319,0.613685056948,0.176409509068462,-0.433524552411345,-0.414207681721086,-0.674462145743945,-0.423809634335559,-0.663774771257703,-0.30665855921752,CJ Miles,IND,4
-0.48990182398148,-0.388015064567093,-0.538079776517989,0.209212719029666,-0.760669392285688,-0.963698711204812,0.622805902556363,-0.717439094600106,0.839276056805849,Ersan Ilyasova,PHI,2
-0.877464170409256,0.311737263912656,-0.313954592606465,0.475021757312977,0.226557030076707,0.212884778588932,-0.6975738132175,-0.12713153783369,-1.16610952123505,Monta Ellis,IND,4
-1.02924998054908,-0.742997215946785,-0.703756527252574,0.505023735218646,1.18758120465644,1.04548776465165,-0.893827554153298,-1.52240394473613,-1.73907682924673,Lou Williams,LAL,4
1.47064456129194,-2.13552369048186,0.676066406668042,-0.0706776799205906,-0.451088221229517,-0.377085714463354,0.214553473993139,-0.395453154545697,0.552792402800007,Amir Johnson,BOS,1
1.14579378794415,-1.70758222414606,0.490414309049962,-1.18949558609076,-1.13337820213549,-0.746052768089273,1.85833847793954,-0.5027818012305,1.12575971081169,Marcin Gortat,WAS,1
-0.829888740062818,0.840713311773826,-1.1868294488283,0.549411907447932,-0.537999328677663,-0.101443762791384,-0.393199600042748,0.570504665617532,-1.16610952123505,Jose Calderon,LAL,3
-1.164188234893,0.574779998094986,-1.1868294488283,-1.06100317899129,-1.83982004077264,1.11593695821974,-1.17978267152725,1.59012680912316,-0.30665855921752,Alan Anderson,LAC,3
1.87434600527151,-0.886676531060411,1.13614450355681,-1.49363981715286,-1.50226308114115,0.689154061773309,-0.055598629151675,0.19485440222072,1.12575971081169,Jahlil Okafor,PHI,1
-0.873751339964588,-0.164681922970598,-0.787869798059936,-0.66022976354512,-0.233779741970476,-0.942357796145719,-0.549719990353306,-0.395453154545697,-0.593142213223363,Emmanuel Mudiay,DEN,4
-1.19683695685678,-1.41789839344372,-0.690691439931641,1.98762147672372,1.78115495954393,-0.437082713756806,-1.34786123242781,0.409511695590326,-1.45259317524089,Tyus Jones,MIN,4
-0.158495271748612,0.173142478759443,0.165752966640209,-0.162134973808671,0.827100339816099,-0.5839931743555,0.372313329488926,0.0875257555359168,-0.30665855921752,Justin Anderson,DAL,3
-0.726118061563506,1.34201289158221,-0.76727678092028,-0.263544174647578,0.28016385523075,1.64729579617953,0.391754267856796,1.10714789904155,-0.0201749052116781,Anthony Brown,ORL,3
1.49991969334897,1.57202992439064,1.20037331137834,-1.17603901333613,-0.875214425576471,0.509536608428781,-0.244270010118113,-0.663774771257703,0.266308748794164,Montrezl Harrell,HOU,1
-0.233347027146639,0.901877973919959,0.0265823672161024,0.662231408683993,0.76613496613394,1.06104863631364,-1.16273998010584,-0.932096387969713,-0.30665855921752,Andrew Harrison,MEM,4
0.587890562813231,1.26244886031451,-0.270436747128838,-0.316213781190967,-0.0527971156245088,0.0347211004840083,-0.17579584548425,0.785161958987136,0.552792402800007,Sam Dekker,HOU,2
-0.686504211917682,-0.294219993985617,-0.525164480124032,1.00757101701495,1.17339516523146,0.225148316180361,-0.285823835094225,0.302183048905523,-0.593142213223363,D'Angelo Russell,LAL,4
0.934551190322745,0.502116058741785,1.22752505016026,-1.46974931050083,-0.98124597666321,0.186100403904355,1.63362896413723,0.0338614321935164,1.41224336481753,Karl-Anthony Towns,MIN,1
1.4629005769602,-1.35697621330021,1.52400603852032,1.13359195982265,0.113495362479092,0.17067909726778,0.6906573230904,-0.234460184518493,0.839276056805849,Richaun Holmes,PHI,1
-0.106294852868687,0.52563127984606,-0.685674381467895,0.404404709893802,0.765066168756707,-0.866023796601688,-0.435468499462455,-0.341788831203296,-0.0201749052116781,Justise Winslow,MIA,2
1.57091786541393,-1.3058576023752,0.766776011748826,1.13425320982782,0.0331503585366917,1.04709502467047,-0.0513473797910189,1.26814086906875,1.41224336481753,Willie Cauley-Stein,SAC,1
-0.545217421301693,1.2547231296602,-0.609333167062305,2.11783348087111,0.549209430532169,0.632910941095375,-0.0832489383356731,0.892490605671942,-0.0201749052116781,Kelly Oubre Jr.,WAS,3
0.677430620191241,0.332444162095981,-0.25458247290421,-0.545983053289274,0.117861565089569,-0.526915619202965,0.172028370587706,-0.610110447915303,1.41224336481753,Frank Kaminsky,CHA,1
-0.855241411704906,0.314723663723965,-0.688055729298928,-0.929314629411078,-0.401627439381475,0.347426154555542,-1.29889518467587,-0.717439094600106,-0.30665855921752,Devin Booker,PHX,4
1.32033780803245,-1.27309716263014,2.91885344686007,-0.525323744022562,-0.457863400212695,-1.26148237657233,0.86921982544389,-0.717439094600106,1.12575971081169,Myles Turner,IND,1
0.111323473859103,0.651605177602207,-0.171205760028079,-0.883865125746836,-0.783511462474427,-0.834089884757175,0.35840083657937,0.14119007887832,0.839276056805849,Trey Lyles,UTA,2
-0.37955701896875,-0.245056551799753,0.384845683956557,0.429103551545151,0.874306167354716,-0.758197605808569,-0.529396032387247,1.32180519241115,-0.0201749052116781,Stanley Johnson,DET,3
-0.678818567874964,-0.291902154345461,-0.822148123374905,0.584316310209425,0.9583555676064,-0.627317101760436,-1.02818671894721,1.26814086906875,-0.879625867229205,Jerian Grant,CHI,4
0.770706968583231,1.28196225176492,-0.672483604699844,-1.20357937198225,-1.16994619469893,-0.211246551162101,0.737923312648855,0.731497635644736,1.12575971081169,Bobby Portis,CHI,2
-0.701472625898198,0.12487911810407,-0.153196852785312,0.184997202417266,1.74330387952212,-1.10400587981591,-0.579410641990679,1.91211274917757,-0.30665855921752,Rashad Vaughn,MIL,3
0.0516775185163181,1.06665274820019,0.0924924088092841,1.60947154687104,1.292982151786,2.73378673488315,1.06530655107419,1.16081222238395,-0.0201749052116781,Rondae Hollis-Jefferson,BKN,3
-0.898366766328552,-0.72164490608936,-0.500770517631181,-0.0339137283893111,0.62680157987324,0.715622065486188,0.0249402330455058,1.26814086906875,-1.45259317524089,Terry Rozier,BOS,4
-0.622442264122349,-0.210433293386347,-0.454061992869221,0.392273655015802,0.347266986952986,0.958435725691396,-0.762470650996702,0.892490605671942,-0.879625867229205,Norman Powell,TOR,4
0.884442367770106,-0.215348789662338,-0.235889916090527,0.0128385097152503,-0.121212284515219,-0.0182147742451084,1.3972984552577,1.48279816243836,0.839276056805849,Jarell Martin,MEM,1
1.81148316306666,-1.40072461780497,0.654222832593708,-0.306488097715906,-0.409507220803344,0.837363349666209,2.11462249054797,0.731497635644736,1.12575971081169,Willy Hernangomez,NYK,1
-0.385300830099478,0.507244718276229,-0.220655620917168,0.397458736557251,0.0706005604752036,0.198348764383116,-0.845871153502323,0.0875257555359168,-0.30665855921752,Josh Richardson,MIA,3
-0.81664877561971,0.091629602768989,-1.1868294488283,-0.606416359835824,-0.252898406114117,-0.497827339209678,-0.941510183169416,0.248518725563123,-0.30665855921752,Darrun Hilliard,DET,4
0.474914893767968,0.49154699391062,0.409637687746223,1.59014011547946,1.87875303583335,2.33475174911672,0.602598806295301,0.892490605671942,0.552792402800007,Larry Nance Jr.,LAL,2
-0.560000476207929,0.529833522543633,-0.158534163369616,1.05577678719683,-0.295445577432469,-0.431119709239873,0.01587027720368,0.570504665617532,0.266308748794164,Mario Hezonja,ORL,3
1.24491371505187,-1.67314286444027,-0.0400761962351265,-1.19957251269272,-0.970984858816106,0.787372175049358,0.785862715499407,0.19485440222072,0.552792402800007,Cristiano Felicio,CHI,1
3.02704202339082,-2.25740979258466,3.92359790920103,0.364097777889523,0.491414455097049,0.164739038415173,1.66239646829976,1.05348357569914,1.98521067282922,Salah Mejri,DAL,1
-0.370584830695268,-0.553639738326039,-0.626221293621512,0.490293196787797,1.40446392278841,1.23783351651875,-0.726034668434927,0.892490605671942,-1.16610952123505,Marcelo Huertas,LAL,3
-0.981153149098909,-0.599758803986559,-1.1868294488283,0.398541996219175,0.216076594597153,0.431974944548169,-0.737634138538863,-0.556446124572903,-1.16610952123505,Malcolm Delaney,ATL,4
1.6242978620225,2.09636177452742,1.26799725376251,-1.26446792000938,-0.602561865639143,0.295420333172518,-0.032337257933391,-0.395453154545697,1.69872701882338,Dragan Bender,PHX,1
0.718313028418178,0.942268120781915,-0.0799911844955159,-0.77656656865526,-0.648356223251356,0.926337467861462,0.133459090754872,-0.932096387969713,1.12575971081169,Domantas Sabonis,OKC,1
-0.316324414019269,0.47464461454925,0.212078599229647,0.0939175311333178,1.30505934364459,1.40110660053348,-0.908847150385503,1.53646248578076,-0.879625867229205,Wade Baldwin IV,MEM,3
0.355180327711085,0.878562731418711,0.745400052922295,0.583064594413745,0.491414455097049,-0.880711319643579,-0.269031912435227,0.355847372247926,0.839276056805849,Marquese Chriss,PHX,2
-0.207761877830597,-0.0768281078680869,0.358451880815553,2.30644489063545,1.88541541948424,0.734415580830422,-0.517915632977278,1.96577707251997,-0.879625867229205,Kris Dunn,MIN,3
-0.417383331046889,-0.483412979252066,-0.906433083905919,-0.960085168591008,-1.34948362945213,0.491442275308534,-0.242913881593645,1.59012680912316,-0.879625867229205,Buddy Hield,NOP,3
-0.419973431692324,0.794899479689731,-0.339203879047373,-1.06141784897978,-1.37310170894029,-0.173327789326652,-0.242275125404585,0.19485440222072,0.552792402800007,Brandon Ingram,LAL,2
-0.289087453877803,0.498422908028785,0.0242877155216162,-0.955519427319732,-0.917627046011166,0.729608935003793,-0.657211145818239,1.42913383909596,-0.879625867229205,Jamal Murray,DEN,4
2.20850772531638,-2.04364032120436,0.692745226310916,0.0757826967569688,-0.18600934351267,1.71280976092525,-0.0377994422680492,2.18043436588958,1.41224336481753,Jakob Poeltl,TOR,1
0.264483478154827,0.466744589412957,0.558552336713767,0.488635154787674,-0.0905809475346054,0.914849670322329,0.416435807002091,-0.288124507860893,0.266308748794164,Taurean Prince,ATL,3
-0.578020646163961,0.321700127910623,-0.717701285475339,-0.0111710096404758,1.15931578775704,0.398589776402,-0.159404914560693,0.248518725563123,-0.30665855921752,Denzel Valentine,CHI,3
-0.257012082815751,-1.00126596385461,-0.710113885417776,1.4595268790338,1.74330387952212,4.15790486256567,-0.423809634335559,0.731497635644736,-0.879625867229205,Ron Baker,NYK,3
-0.178483871054101,0.828428348913662,-0.386920930008062,-0.347454340116614,-0.39528214171018,-0.274590840670371,0.0255906443525848,1.69745545580796,-0.0201749052116781,Jaylen Brown,BOS,3
-0.464248075393376,-0.902159766165662,-0.634955434189327,0.0559907539627044,-1.08154609255607,-0.700583048491565,-0.350915468587214,0.892490605671942,-0.30665855921752,DeAndre' Bembry,ATL,3
-0.624060361311167,0.470926955661583,-0.953885705299615,0.189018706918647,1.2307915546291,-0.198014210825041,-0.938306452750765,-0.824767741284909,-0.593142213223363,Malcolm Brogdon,MIL,3
0.469028276813539,0.268544843736941,0.255357652983938,-2.24547610341567,-0.18600934351267,3.61271473855125,1.33867101006571,1.42913383909596,0.552792402800007,Cheick Diallo,NOP,3
-0.532415336089948,0.594724996620899,-0.0431888122064508,0.833507890813323,0.736465150941956,-0.814063859317334,-0.836152304621627,1.96577707251997,-2.8850114452701,Kay Felder,CLE,4
-0.172821571592136,-0.377184182755355,-0.190378807011902,0.951875228178059,-0.469059670566252,-1.57177172581801,-1.23346233518508,0.570504665617532,-0.0201749052116781,Patrick McCaw,GSW,3
1.49173806037486,1.48678644884259,2.10827153660894,0.737025637282339,-0.110272521307857,-0.390656464303539,-0.103345654283942,1.85844842583517,0.552792402800007,Pascal Siakam,TOR,1
-0.168478612739457,0.222753165599254,0.0819168198654292,0.320047812846565,-0.725634201721965,0.105524076728252,-0.689164924175987,0.892490605671942,-0.879625867229205,Isaiah Whitehead,BKN,3
-0.400199048427118,0.995359314837065,0.161826097315157,0.81472292334824,2.0486500222679,0.964523163592104,-0.747181560859049,0.248518725563123,-0.0201749052116781,Troy Williams,MEM,3
-0.29490869507905,1.26662213446259,-0.0973514335380246,-0.248678970508541,-1.14577769386677,-0.481908058056512,-0.441247678296908,1.96577707251997,-0.30665855921752,Timothe Luwawu-Cabarrot,PHI,3
-1.08446178883681,0.0417001713135877,-0.679556047460048,0.414009331656074,0.555766003375648,0.439554114154882,-1.24365696038396,1.16081222238395,-2.02556048325257,Yogi Ferrell,DAL,4
-0.22866305536232,1.30353955961873,-0.634620439064143,0.836761407190924,-0.231022737841946,-0.473873326531093,-0.589686180232055,0.785161958987136,-0.30665855921752,Sheldon McClellan,WAS,3
0.643140392241057,-0.173157446626752,0.253973330559469,-0.195951964374352,0.255788786015408,2.55721197320347,0.765141654926642,1.16081222238395,0.552792402800007,Juan Hernangomez,DEN,1
2.38117122792049,-1.3107610662529,2.27176118611681,-1.47894101455269,-1.33732208105897,1.7553449469915,1.15890807785794,-0.556446124572903,1.69872701882338,Ivica Zubac,LAL,1
0.135754927920508,1.10664662545267,-0.300940353695182,-0.355501018856503,0.120988984633817,-0.222442286051935,-0.698825368795771,1.32180519241115,0.266308748794164,Dorian Finney-Smith,DAL,2
0.127154128766812,1.10664662545267,-0.432399317142932,-1.30909430924665,-1.030639556362,-1.34945944214275,-0.223751195921833,0.248518725563123,0.266308748794164,Paul Zipser,CHI,2
-0.832699742724873,-0.527145806989145,-0.382646094431131,0.0740792289486228,0.260630409352701,-0.161069121116835,-0.975873483413314,0.999819252356743,0.552792402800007,Mindaugas Kuzminskas,NYK,4
-0.286107886853291,0.421681065748188,0.17255755760279,0.0418682012999012,0.162317446214426,-0.995732459244052,-0.524114416129768,-1.36141097470893,-0.30665855921752,Vince Carter,MEM,4
0.433967263322028,-0.86369921213723,0.472132018419907,-0.24287225014173,-0.310265067442442,-0.817923041303137,1.32791733465685,-2.54202608824176,1.41224336481753,Dirk Nowitzki,DAL,1
0.0317549676648043,0.436273063887256,-0.155008700709703,-1.31317875843108,-1.16994619469893,-1.46711594315217,-0.323592036184803,-1.25408232802412,-0.0201749052116781,Paul Pierce,LAC,2
-0.848285772112443,1.06052755979215,-0.123768808726191,0.248131799401366,0.330196892041189,-0.364864103496169,-1.40018320868611,0.51684034227513,-1.45259317524089,Jason Terry,MIL,4
-1.09148383516594,-1.00894786104597,-0.176886077547441,2.14254096411498,2.76406203752965,1.61066433202063,-0.522524252095259,-0.663774771257703,-0.30665855921752,Manu Ginobili,SAS,4
0.748577340570059,0.325467516521072,0.855954466451519,-1.1048046162938,-1.04015239393362,-1.09306842362426,0.425272407436826,-0.0198028911488864,1.12575971081169,LaMarcus Aldridge,SAS,1
-0.811410393585114,-1.14198108997659,-0.582349967693795,-0.914532285441036,-0.857634064774525,-1.18134600810089,-0.314163328423143,-0.395453154545697,-0.879625867229205,Randy Foye,BKN,4
-0.284708497026675,0.677811753132861,0.43526089615154,0.869729731431402,1.09860367926897,1.23783351651875,0.30631817081539,0.302183048905523,0.266308748794164,Rudy Gay,SAC,3
-0.882061636136815,-1.41993431684606,-0.777760237977358,-0.530803795541666,-0.533225338268539,-0.558379464088933,-1.18647372819446,1.16081222238395,-0.879625867229205,JJ Redick,LAC,4
-0.211351439860291,0.466744589412957,-0.0473235906062848,2.29189346661291,2.85676866209422,0.872890378924565,0.0405902842644721,0.355847372247926,-0.0201749052116781,Thabo Sefolosha,ATL,3
-1.21948946730711,-0.534628825763688,-0.966508759026758,2.02081784461155,1.5319446044385,1.3466067022607,0.558495963609361,0.51684034227513,-1.73907682924673,Rajon Rondo,CHI,4
-1.03611434347618,-0.546688778669071,-0.718365632975055,1.51823537331928,0.491414455097049,0.589453246376543,-0.553065497837431,-1.46873962139373,-2.02556048325257,Kyle Lowry,TOR,4
-1.20238078702833,-1.38733054065082,-0.922423081781383,-0.0881873859985885,0.355877565802299,0.624147395427164,-0.783895152050726,0.570504665617532,-1.16610952123505,Sergio Rodriguez,PHI,4
-0.48880582504183,0.0143297741237355,-0.76828579554483,1.56409355528871,1.78115495954393,0.819521104778287,0.190404869566231,-0.610110447915303,-0.30665855921752,PJ Tucker,PHX,2
0.606993340617053,1.26739496300854,0.318055153531425,1.21757071047825,0.823777935531856,0.222415093725966,0.806852880754937,-0.610110447915303,0.266308748794164,Paul Millsap,ATL,2
-1.18204474822811,-0.662494297715942,-0.930981431686948,-1.45989580375724,-0.917627046011166,-1.11044903582699,-0.514058218775528,-1.73706123810574,-2.02556048325257,J.J. Barea,DAL,4
-0.0480775576099801,0.371709633565475,1.53442570517721,0.180856288625249,0.313325286605111,0.0144935381927036,1.61076400645726,-1.95171853147534,0.552792402800007,Kevin Durant,GSW,1
1.03580168644485,1.17658127420018,1.59939496051933,-1.02135521586239,-0.822679155551622,0.880525103052831,0.472659010976569,-1.09308935799692,0.839276056805849,Al Horford,BOS,1
-0.756158634846686,0.779888138964304,-0.606945989077025,0.624881173958302,1.00193673810727,2.68035396249405,-0.734531399622172,-0.771103417942507,-1.73907682924673,Mike Conley,MEM,4
-0.158042649453317,1.18192921792793,-0.684933931048109,-0.909890972796858,-0.781576172668702,-0.84507096652794,-0.510030106109824,-0.985760711312113,0.552792402800007,Jeff Green,ORL,2
-0.393591580579084,0.932127888350928,-0.395390465886664,1.38980738379737,0.588966483697729,0.0307282839187891,-0.623018567702942,1.10714789904155,0.552792402800007,Corey Brewer,HOU,3
1.2079381057005,-1.49174346028434,0.879142010323283,-0.458204359165099,0.0478837838845469,-0.74589079835546,1.76375747328642,0.463176018932729,1.12575971081169,Joakim Noah,NYK,1
0.960365296332666,-1.27298907107,1.28781798744773,-1.29731294248801,-1.15392593129018,-0.849347808901817,0.620939988491677,-0.771103417942507,1.69872701882338,Spencer Hawes,MIL,1
0.0981326232405249,1.29426188209258,-0.278733368168278,1.78681907726397,2.40102628585048,0.636597764105457,0.214843868603336,0.409511695590326,0.266308748794164,Thaddeus Young,IND,2
-0.780387346641652,-0.733732783983853,-1.1868294488283,-1.36278690177107,-0.830569561961002,-0.697069710695101,-0.374672474023415,-1.09308935799692,-0.593142213223363,Rodney Stuckey,IND,4
-0.843900432386712,0.0243962020834932,-0.51877789475156,0.0477836856228116,-0.387069171516769,-1.4059021834797,-1.16364838771462,-0.610110447915303,-0.0201749052116781,Nick Young,LAL,4
-0.942052474610452,0.594724996620899,-0.955374116386821,-0.53725651644652,-0.562700380268189,-1.38703520256981,-0.78036902839547,-0.0198028911488864,-0.593142213223363,Marco Belinelli,CHA,4
1.95060718634759,0.263848821888171,2.17589100017562,-0.400125223203238,-0.706201727603625,-0.344230214850273,0.647848433424517,0.785161958987136,1.41224336481753,Jason Smith,WAS,1
0.0666240039250968,0.626720098422883,-0.603594387167734,0.542008316315453,-0.208730390174114,-0.861109125429978,0.0244694591470495,-1.41507529805133,-0.0201749052116781,Jared Dudley,PHX,2
-0.469082456498542,0.984030666451045,-0.450760631583638,-0.692470259125411,-0.430499570533062,-0.399220529736665,0.506775032805743,-1.14675368133932,0.266308748794164,Wilson Chandler,DEN,2
-0.367489993600934,0.745290181571419,-0.305944275373971,-0.361229801846961,-0.208730390174114,-0.126026842419917,-1.2962867129732,-0.0734672144912869,-2.02556048325257,Aaron Brooks,IND,4
-0.875066700625895,0.299253452462965,-0.944679283784352,-1.73782265573086,-1.27439202966772,-2.11680262534834,-1.25368167516287,-0.556446124572903,-0.593142213223363,Arron Afflalo,SAC,4
0.27548935909672,-0.219415425135647,-0.479774834805271,-0.0849898729081674,-0.181412599968448,-0.467139013980887,-0.0676362295296194,-1.30774665136652,0.839276056805849,Josh McRoberts,MIA,2
0.902499867303157,-1.98345025324686,1.4069401042599,-0.508168060304006,-0.153455797126391,-0.870394375320631,0.274120031579512,-2.59569041158416,1.69872701882338,Marc Gasol,MEM,1
-0.939193490587076,-0.315357899080021,-0.837428067178818,-0.384323958277251,0.0127998147749648,0.822229302663061,-1.10456404282671,-0.717439094600106,-1.16610952123505,Ramon Sessions,CHA,4
-1.08480992607028,-0.0844581545024364,-1.1868294488283,1.30337148530981,0.85391548445342,-0.187095216700753,-1.07015228151837,-0.0734672144912869,-1.45259317524089,CJ Watson,ORL,4
0.207839838983007,-0.234941091485758,-0.635533105802039,-0.611299859354737,-0.423547558609585,-0.417386729140268,-0.277638990780749,0.0338614321935164,0.266308748794164,Anthony Tolliver,SAC,2
0.00804380091435851,1.1290993284716,0.285078115519484,-0.223310208953898,-0.590770504098274,-0.22691358449531,0.767889100939284,0.51684034227513,0.839276056805849,Michael Beasley,MIL,2
-0.895992791341367,-0.595146897420506,-0.491908923103219,-0.815414878309312,-0.762555902546811,1.32392296081743,-0.880887594322474,-0.556446124572903,-1.16610952123505,Derrick Rose,NYK,4
-1.31505197760775,-1.87256941119123,-0.701572107892581,0.757171447094179,1.21989610821765,1.13848318459418,2.0653606399869,-1.95171853147534,-1.16610952123505,Russell Westbrook,OKC,4
-0.24505452338868,-0.671607453647158,-0.656027484238179,-0.335197272201042,0.0372589856683961,1.2872789930658,2.40793236302213,-0.12713153783369,0.839276056805849,Kevin Love,CLE,1
-0.604391637548914,0.434570744025485,-0.702429484143917,-1.19324784575724,-0.883870062399878,-0.336650419021167,-0.151167635499619,-1.89805420813294,0.839276056805849,Danilo Gallinari,DEN,2
-0.950651862097945,-0.478565236554795,-0.244320270798096,-0.977073973321336,-0.944743311534988,-0.48609665580255,-1.03856115638284,-1.52240394473613,-0.879625867229205,Eric Gordon,HOU,4
-1.14553294068454,0.484039239035652,-1.1868294488283,-1.00194460332319,-0.98124597666321,-0.246467247251566,-1.32824049133094,-1.25408232802412,-2.02556048325257,D.J. Augustin,ORL,4
1.86247252620383,-0.934758642894873,2.13549975782548,-1.09941058576287,-1.17468191445658,0.217276450834511,-0.209858248809768,-1.03942503465452,1.41224336481753,Brook Lopez,BKN,1
-0.467112236211031,0.0526903307990278,0.24292559766994,-0.62296357472357,-0.602561865639143,-0.611181149206557,-1.16847159954221,1.85844842583517,-0.30665855921752,Brandon Rush,MIN,4
3.01605179715702,-1.06805803838153,1.92514205584927,-1.90256287157199,-1.99336532794571,-1.09386804693135,-0.256783377866601,-0.610110447915303,1.41224336481753,Robin Lopez,CHI,1
1.21437806942879,-0.549570409003053,0.698623987965834,-0.687959104796839,-0.590770504098274,-1.77982992848303,1.41079146789757,-1.36141097470893,0.839276056805849,Marreese Speights,LAC,1
2.55320193291385,-2.01049992634473,2.38960213460315,-0.896244425815324,-1.53791161986859,-0.64425985194201,0.125656423946584,-0.12713153783369,1.98521067282922,Roy Hibbert,MIL,1
1.18198438580426,-1.73173072252545,1.52096710276196,0.203075637546578,-0.225489176364115,-0.497008794611378,1.74136183388675,-0.288124507860893,1.98521067282922,Alexis Ajinca,NOP,1
0.101954364729099,-0.865757297399144,-0.815827295878401,-1.48374576894343,-1.2291119402426,-0.951992025874858,-0.471298253554978,-1.68339691476333,0.839276056805849,Ryan Anderson,HOU,2
-0.923527498914796,0.358223191488094,-0.64564530707528,-0.504532003286191,-0.18600934351267,0.287881027705748,-1.01279934600446,0.892490605671942,-0.593142213223363,Courtney Lee,NYK,4
1.80262569936786,-1.14135704898249,0.814274851353246,-0.164287967844219,0.0127998147749648,-1.30032078952849,1.0949210341316,1.05348357569914,1.41224336481753,Kosta Koufos,SAC,1
0.919375120715465,0.845794840060683,1.86925303038184,-1.26446792000938,-0.950060226343581,-1.42265433613727,0.535729912871016,-0.824767741284909,0.839276056805849,Serge Ibaka,ORL,1
-0.542514300661008,-0.114984534259505,-0.540248170172838,-0.117376807147886,-0.188301091735006,-0.794845800321751,0.853732932838613,0.51684034227513,0.266308748794164,Nicolas Batum,CHA,2
-0.490057021321319,1.45120926024328,-0.604352577470924,-0.0392147303675711,0.28016385523075,-0.714184842154989,-0.819884926548592,-0.556446124572903,-1.16610952123505,George Hill,UTA,4
0.702260181437009,-0.0451770394188106,1.01006529770105,0.0226338044217279,-1.04954850957184,1.66035839651226,-0.141245841293132,-1.46873962139373,0.552792402800007,Darrell Arthur,DEN,1
0.897229137670703,-1.19700070429029,1.9202085533908,-1.29210195334476,-1.24632485438006,-1.49327988881863,3.34602375305243,-1.52240394473613,1.12575971081169,DeAndre Jordan,LAC,1
1.11849497961602,-2.09959936565156,-0.0527796335017836,-0.687789276984031,-1.48350069233723,-1.73701769844828,1.67373289648906,-0.663774771257703,1.41224336481753,Omer Asik,NOP,1
0.330731903416779,0.0661555099409433,0.116689669872354,1.10909815754811,1.12045083952036,0.381179932857025,-1.08858715364784,0.624168988959933,0.266308748794164,Luc Mbah a Moute,LAC,2
-0.785595176413332,-0.395398872317191,-1.01780543311238,-0.640244916270045,-0.160506127872274,0.0953979432378073,-0.77720084414121,-0.12713153783369,-1.16610952123505,Goran Dragic,MIA,4
-1.15773943765549,-0.513358529078243,-0.807066237077324,-0.157733466924995,0.510440130240287,1.18178041935276,-1.89090484936955,-0.824767741284909,-0.593142213223363,Anthony Morrow,OKC,4
-0.28975285667042,0.0627840862147046,-0.324797431595924,-0.267651077893198,0.160264866117445,0.782826243348558,1.0999587919808,-1.52240394473613,0.839276056805849,Blake Griffin,LAC,2
-0.56804607868678,0.415188501201227,-0.425765025476498,0.345725562119511,0.827100339816099,0.21110404573319,0.985125517171762,-2.86401202829617,-0.593142213223363,James Harden,HOU,4
-1.16939822153187,-0.662071361803161,-1.00254622331075,2.09596913687587,2.09499855408214,0.91175264653435,-0.875979333696989,0.731497635644736,-0.879625867229205,Ricky Rubio,MIN,4
-1.02575699889871,-0.328285212939409,-0.85641888721168,1.46875937712763,1.60032339030026,1.65361390850664,-0.428888598977121,-0.395453154545697,-1.16610952123505,Stephen Curry,GSW,4
-1.30627870766472,-0.951077568871105,-0.861387376192524,-0.31051322301966,-0.0233979311317473,0.491442275308534,-0.241185482493835,-1.36141097470893,-0.0201749052116781,DeMar DeRozan,TOR,4
-1.35532130075266,-0.866384652336437,-0.95572423934929,0.712802433204347,0.736465150941956,0.223284258466464,-0.80036407286095,0.677833312302336,-1.73907682924673,Brandon Jennings,NYK,4
-0.783204088076694,0.970909829929092,-0.688808692084559,-0.527869989422381,-0.486729078737664,0.128225147232974,-0.867730156175166,0.463176018932729,-0.593142213223363,Gerald Henderson,PHI,4
0.40187161936369,1.72715769070329,1.35052270816891,0.8583282771182,0.247756092751261,0.518172540145263,0.332387686958075,-0.663774771257703,0.552792402800007,James Johnson,MIA,1
-0.797911210885138,1.08167483868039,-0.146228160707342,1.64963529718458,1.53782658797515,0.798259228217081,-0.612753715059633,-0.932096387969713,-0.879625867229205,Jrue Holiday,NOP,4
-0.991491594091733,-0.899532730779936,-0.935290315529962,0.768318532174329,1.12645436810977,1.58151551450394,-0.991816564718884,-0.0734672144912869,-2.31204413725842,Ty Lawson,SAC,4
-0.915847310118925,-0.379994468376962,-0.306629994139288,1.28387417524561,1.17622380149143,-0.0522077031834992,-0.338252584809178,-1.73706123810574,-1.45259317524089,Jeff Teague,IND,4
-1.05428869497175,-0.549570409003052,-0.983619807644783,0.181832785725896,0.38201682302343,0.45134687805344,-1.45896049370355,0.0875257555359168,-2.02556048325257,Darren Collison,SAC,4
-0.00975056430316841,-0.173157446626753,-1.1868294488283,-0.641781035518621,-0.274368969418285,-1.45897604894483,0.734553422652559,0.14119007887832,0.552792402800007,Omri Casspi,SAC,2
0.526112068803266,1.47507507044523,0.709405947191716,-1.1910461088117,-1.06251103406545,-0.152425417838965,0.622805902556363,-0.395453154545697,0.552792402800007,Taj Gibson,CHI,2
-0.259751736569724,1.27615709857577,-0.285209395178909,1.19434695721053,0.797727824903183,-0.20116858690539,-0.458387636036696,0.463176018932729,0.266308748794164,DeMarre Carroll,TOR,2
-0.670290112882699,0.801931370195663,-0.960119686134089,-0.618638826328385,-0.403433591527611,0.385722576178997,-1.24027784304276,0.0875257555359168,-0.879625867229205,Wayne Ellington,MIA,4
-0.941254621991969,-0.376762639912115,0.0661157394573236,0.752483573313322,1.41404508704323,1.27789175399882,0.0326824784839801,2.12677004254718,-1.45259317524089,Toney Douglas,MEM,4
0.256038812893701,0.716772537269532,-0.0439398539402344,-0.417171025391247,-0.924217054763968,-1.26572652869958,-0.0227185906986554,0.999819252356743,0.266308748794164,Dante Cunningham,NOP,2
0.297486971137828,0.166382409231053,-0.109239919005854,-0.584245560984427,-0.614213684439884,-0.114021948330522,0.30631817081539,0.0875257555359168,0.839276056805849,Jonas Jerebko,BOS,2
-0.701215514350584,0.0503004072283846,-0.918784486417517,1.53000778280983,2.00180756888766,-0.191472877939523,-0.714934100270945,0.355847372247926,-0.879625867229205,Jodie Meeks,ORL,3
-0.646304303814729,0.404582677340528,-0.430010029255899,1.21883899797467,1.44306764284426,2.07864906891472,0.101406711891919,1.26814086906875,-1.73907682924673,Patrick Beverley,HOU,4
-1.25229660823225,-0.271603913709784,-0.827678060028259,-0.311962268129012,0.26386738038392,0.350306476970602,-0.708337191190636,-0.12713153783369,-0.879625867229205,Marcus Thornton,WAS,4
-0.152286164376691,1.31367375475963,0.613268242183662,1.44801427345079,0.525831687659536,-1.14060558000369,-0.570086237037563,1.64379113246556,-0.30665855921752,Danny Green,SAS,3
-1.10716827419604,-1.00390745832743,-1.1868294488283,0.186058131670831,0.549209430532169,0.924169958891815,-1.18052962911117,1.10714789904155,-2.02556048325257,Patty Mills,SAS,4
-0.262515654849025,1.93929023861277,-0.231315799553641,1.20431090774316,1.15931578775704,-0.297803965397005,-1.033929374878,0.51684034227513,-0.30665855921752,Garrett Temple,SAC,3
-0.707415430602581,1.56680089855987,-0.828960863973074,0.559221713365162,0.0054782310419925,0.181583227966049,-0.723110156142433,-0.288124507860893,-0.593142213223363,Wesley Matthews,DAL,4
-0.839770291162019,-1.62360206165009,-0.404423433867908,1.80915943898398,2.16069712434028,1.43843656252149,-0.691341612075016,-2.27370447152975,-0.879625867229205,John Wall,WAS,4
-0.284650633936451,1.96581579272276,-0.498536925182768,0.0957171711859325,-0.0463876445625748,0.0739604290799195,-0.19278371075601,-0.449117477888099,-0.0201749052116781,Evan Turner,POR,2
1.45541448595692,-0.0309569941734837,0.995319028149573,0.46236266094881,0.267924013607595,0.302150700284484,0.932523612649631,-0.0734672144912869,0.839276056805849,Derrick Favors,UTA,1
0.165956042785522,0.622396436017211,1.16090256999727,2.95868740345993,-0.0463876445625748,0.168230523389607,1.2414774857597,0.0338614321935164,-0.0201749052116781,Wesley Johnson,LAC,3
0.915975830897748,-0.0853277554056156,1.11207264820259,1.45996024512581,0.774710057229889,0.996227103179025,2.00104768727256,-2.11271150150255,1.12575971081169,DeMarcus Cousins,SAC,1
0.88627030155829,-1.69063941780663,0.233267558301548,1.71019372444862,2.06592243073605,0.944857515296048,1.39977600678146,0.302183048905523,1.12575971081169,Greg Monroe,MIL,1
0.496721692999141,0.936006082508743,0.220208735991889,0.127596509260822,0.299968598968215,-0.292645493235531,1.34345042135853,-0.717439094600106,0.552792402800007,Al-Farouq Aminu,POR,2
-0.885370505026362,-0.997571112690182,-0.66934945794137,-0.558370723405137,-0.195149994468423,0.511720407253639,0.124370927116101,-0.717439094600106,0.266308748794164,Gordon Hayward,UTA,4
-0.577215816070173,1.17841133977488,-0.700745143269306,0.962835166822943,1.10404119470932,1.18241962133799,0.237494648198703,-0.18079586117609,0.552792402800007,Paul George,IND,2
1.22089189423709,-1.58355377095917,0.605710733964568,-1.17994028863054,-1.11222612800565,-0.857649914686401,0.816421926680253,0.463176018932729,0.839276056805849,Ed Davis,POR,1
0.102082869442083,0.486135560202039,-0.299696862796281,-0.561831984172805,-0.139230718033226,-0.766845632667511,0.38222646781909,-0.985760711312113,0.552792402800007,Patrick Patterson,TOR,2
0.546454716752887,0.242778876799059,-0.394042388513488,-1.13633049154974,-0.99137637963328,-0.441222634090218,-0.28109278654997,0.409511695590326,0.552792402800007,Luke Babbitt,MIA,2
1.49223173630504,1.00944631618081,1.48708450223016,-1.35427852834939,-1.83328522646736,-1.93432925862467,1.06829288550015,0.785161958987136,0.839276056805849,Kevin Seraphin,IND,1
-0.624199801836185,-0.0225922616762326,-0.487049339007239,0.812606512872375,0.936961174815062,1.04208573094516,-0.277638990780749,-0.0734672144912869,-1.73907682924673,Eric Bledsoe,PHX,4
-1.01284947366405,-0.405246267988305,-0.857122421145585,0.851646010215249,0.765066168756707,1.41167208435629,0.544324589086356,1.32180519241115,-1.45259317524089,Avery Bradley,BOS,4
-0.448382108557466,0.578211395690842,-0.345961379257065,0.67516803197265,1.20187512270823,1.18907169675078,1.97587738866508,0.677833312302336,0.266308748794164,Trevor Booker,BKN,3
1.00538354869098,-1.70892233312206,2.36937763665897,-1.02424501624278,-0.56066490016414,-0.634641222068581,3.20987590309389,-1.03942503465452,1.41224336481753,Hassan Whiteside,MIA,1
0.455788511785909,0.772784693605861,-0.423384431056705,0.265482207947548,0.347266986952986,1.10372257692162,0.290124400787934,-0.0734672144912869,0.839276056805849,Nemanja Bjelica,MIN,2
-1.26098702209459,-0.712578997668491,-0.929517657353856,-0.584132692230164,-1.47387043967682,-0.63264815393163,-0.388007632574204,-1.52240394473613,-0.593142213223363,Lance Stephenson,MIN,4
2.10103738788866,-0.898379754138423,0.553594153196371,-1.49355005142738,-1.37310170894029,-1.66479908818764,0.146727393733216,0.946154929014343,1.69872701882338,Timofey Mozgov,LAL,1
-0.242437388475895,-0.713919730603971,0.107704534691651,1.55835404647198,1.02413335910772,3.06452081220067,0.0995755732316638,-0.0198028911488864,-1.16610952123505,Jeremy Lin,BKN,3
-0.330856254787408,0.210783774997073,-0.1412902606096,0.111613265403702,-0.118616408499913,0.625999710164612,-0.626882135851563,-0.18079586117609,-2.02556048325257,Ish Smith,DET,4
-1.03335890760687,-0.20597293565443,-0.861535484734317,-0.706102537872611,-0.208730390174114,-1.41389100225354,-1.01509346342502,1.10714789904155,0.266308748794164,Lance Thomas,NYK,4
-1.07125129549712,-1.56644168273292,-0.873115248237631,0.531744246790881,0.24775609275126,1.06781361085051,-1.27740493485271,-1.09308935799692,-1.16610952123505,Kyrie Irving,CLE,4
0.944664709566307,-0.276925344362921,0.751142303643364,-0.996669015140975,-1.067999063916,-1.24067888611154,0.96952666148529,-0.0734672144912869,1.12575971081169,Enes Kanter,OKC,1
1.21827964616973,0.334220499108875,0.87219433109787,-1.38501907214362,-0.906525756098729,0.485522149539326,1.09617202098006,0.731497635644736,0.552792402800007,Tristan Thompson,CLE,1
1.73634620006475,-2.17933680285936,0.602985534259016,-1.38597639011645,-1.05141391488237,-0.630639209639176,2.09269342696912,-0.18079586117609,1.41224336481753,Jonas Valanciunas,TOR,1
1.68919712493849,-1.27711057750442,2.08667639957974,-1.53237753132874,-1.52038945676527,-0.00193498583042244,1.57197108673244,0.14119007887832,0.552792402800007,Bismack Biyombo,ORL,1
-0.912521842134847,0.822245720546129,-0.903373210819033,-1.09501394200935,-0.621138822029003,0.108644709061785,-0.927311008162976,0.838826282329537,-1.16610952123505,Brandon Knight,PHX,4
-0.741479061128656,0.132116919190356,-0.687784187984436,-0.104808135127807,0.088370547457399,0.646196440152757,-0.667675541069899,-1.57606826807853,-1.73907682924673,Kemba Walker,CHA,4
-0.5507830184193,-0.0509650980362557,-0.376918431836582,-1.1132079480683,-0.63710848629397,0.285103388849569,-0.772319493586501,-0.341788831203296,-0.0201749052116781,Klay Thompson,GSW,4
0.247807049665592,-0.0465834175199967,-0.0931840312937448,0.356613560527855,0.27125172054889,-0.2197498335037,0.573009320955055,-1.46873962139373,0.839276056805849,Markieff Morris,WAS,2
-0.618554778251618,0.326278288818875,-0.639902136476693,-0.487019249637472,-0.812046693014159,-0.747249571806292,-0.488603974909271,-0.5027818012305,0.552792402800007,Marcus Morris,DET,2
-0.554725544816424,-0.21102147242792,0.0458889270883597,1.62230163377675,1.85888485601729,1.37354101492061,0.0564232375047976,0.463176018932729,-0.0201749052116781,Kawhi Leonard,SAS,4
0.660130731410079,-2.03987803583813,0.849930367061014,-0.0241361500925678,0.0400052785406411,-0.263758049131276,2.38792787241486,-0.824767741284909,1.41224336481753,Nikola Vucevic,ORL,1
-0.784625372922236,0.0860433780981937,-0.506808004063177,0.930588208237867,0.684367758911936,-0.362873826835442,-0.755840130985461,1.05348357569914,-0.593142213223363,Iman Shumpert,CLE,4
0.0222404329803426,1.64124832644787,-0.241979782798229,-0.593281430095299,-0.756884544112901,-1.1400256130022,0.189814402122564,-0.610110447915303,0.552792402800007,Tobias Harris,DET,2
0.503653510058508,-0.650372524351282,0.661792661197254,-0.238060967552086,0.0127998147749648,0.822229302663061,1.38783066907763,0.0875257555359168,0.266308748794164,Kenneth Faried,DEN,1
0.601122105412269,1.49381424389686,0.687226346212554,0.159614192503114,0.395262276234137,0.174994296972364,1.08405483895016,-0.449117477888099,0.839276056805849,Nikola Mirotic,CHI,2
-0.77983969911302,1.84322450866384,-0.967004845989208,-0.242397898337117,-0.533225338268539,-0.601863204774035,-1.24948117847734,-0.449117477888099,-1.16610952123505,Reggie Jackson,DET,4
-0.605902646748326,1.95984934017228,-0.909005938283344,-0.306488097715906,0.00131306340723441,0.475760519937652,-0.856034655599782,1.96577707251997,-1.16610952123505,Cory Joseph,TOR,4
-1.16078477409068,-0.682170429840157,-0.721018768724596,1.52747055664755,1.69835572199622,0.251741530848732,-0.161232933917543,0.0338614321935164,-0.0201749052116781,Jimmy Butler,CHI,4
-0.619028440870746,1.25526903382318,-0.983205273415534,-1.1950232860513,-1.03445883687403,-0.603802999897534,-0.317954673737466,0.14119007887832,0.266308748794164,Bojan Bogdanovic,BKN,2
-0.150311260334856,0.298349316770928,-0.572911929169332,-1.06329215732775,-1.74467314448773,-3.03695268313976,-0.657211145818239,0.302183048905523,0.266308748794164,Kyle Singler,OKC,2
-0.691401877785566,1.71487034287655,-1.1868294488283,0.622394206610707,0.52004187283594,-0.0361681857678459,-0.941510183169416,1.37546951575356,-1.16610952123505,Shelvin Mack,UTA,4
-0.834935188634465,-1.22026986923719,-0.494229613523597,-0.263855487823265,0.0263313281662698,-0.192068789940612,-0.385520381142937,-0.985760711312113,0.839276056805849,Chandler Parsons,MEM,4
0.495058988953534,-0.182637476790303,-0.259694653978139,-1.3451965567195,-1.02294377765238,-0.863091369788657,0.368182011369716,0.409511695590326,0.839276056805849,Jon Leuer,DET,2
1.39683128809532,0.119369198419971,1.41316420385336,-1.02091372790087,-0.469059670566252,0.102720796835417,-0.778527185684943,-0.0198028911488864,0.839276056805849,Davis Bertans,SAS,1
0.2917866339378,0.957832198466687,0.14695854469942,-0.623517391424537,-0.191730470369868,-0.105084929896753,-0.38686838791384,0.892490605671942,0.552792402800007,Lavoy Allen,IND,2
-0.610612059130587,0.310324091714362,-0.0125226283810569,2.67996577782313,2.42386121763239,0.692726551461624,-0.765296409524984,3.79036406616163,-0.30665855921752,DeAndre Liggins,CLE,4
-0.407767701470165,-0.340855911244056,-0.036550056858511,0.190025834570343,-0.218336035917164,-0.175510430251814,-1.21003749008887,0.248518725563123,-0.879625867229205,E'Twaun Moore,NOP,4
-1.05642592089571,-0.635495043346543,-1.02042293730521,-0.902101639402716,-0.653931188525886,0.39939718943597,-1.35741568026628,-1.46873962139373,-2.8850114452701,Isaiah Thomas,BOS,4
0.74157806391798,0.071168785315682,2.46238037283374,0.0331834182219446,0.40656310612028,0.452346486295256,2.41105969349748,-1.84438988479054,1.12575971081169,Anthony Davis,NOP,1
0.345233594247811,2.39937801139147,0.743905719139824,-0.69838893410869,-0.343985644374225,0.788445217938862,0.806852880754938,2.18043436588958,-0.0201749052116781,Michael Kidd-Gilchrist,CHA,3
-0.888748962111883,2.04559835672701,-0.852852908943238,0.500596058927292,0.0576180643311369,0.318081829373213,-1.20541238377082,-0.341788831203296,-0.593142213223363,Bradley Beal,WAS,4
-0.379392331225111,1.57999881649574,-0.219319797720663,0.0738862434888544,-0.139230718033226,-0.373360410585655,-0.692297647544393,-0.717439094600106,-0.879625867229205,Dion Waiters,MIA,4
0.302030409079722,-0.0830303992972155,0.412561425509662,1.10000045956042,1.18758120465644,1.56599892174506,1.94556934586741,0.409511695590326,0.839276056805849,Thomas Robinson,LAL,1
-0.928376782921758,-0.246099647626098,-0.703344189675374,-0.293108491259293,-0.954590000133024,-0.656764463963047,-0.347313049566561,-1.62973259142093,-1.16610952123505,Damian Lillard,POR,4
-0.680767498078806,0.502014780375776,-0.0777908175037758,1.01287250575524,1.12045083952036,-0.28039412185203,-0.609280478281617,0.0338614321935164,-0.0201749052116781,Terrence Ross,TOR,4
0.658481389775547,-1.93811600354674,1.18130676071258,1.79201819053282,2.27741097611653,0.100675406946183,3.32379248488906,0.0338614321935164,1.12575971081169,Andre Drummond,DET,1
-0.31482848907489,-0.0502384114552826,-0.830326640782515,-0.654357865587836,-0.723571536871414,0.0331451647838261,-0.447280177389683,0.19485440222072,0.266308748794164,Harrison Barnes,DAL,2
-0.679915924408988,-1.00631848683953,-0.770798036259615,-0.294640290726411,-0.526022179594703,-0.767808222229549,-1.30848108775283,0.248518725563123,-0.879625867229205,Austin Rivers,LAC,4
2.23721345668786,-0.0652221634393313,0.376741734053135,-1.05790352082735,-2.05481543141644,-1.1845453299544,0.684847545207173,-1.30774665136652,1.69872701882338,Meyers Leonard,POR,1
-0.302253102518913,0.260674442213729,0.146085046068961,-0.284338275235133,-1.13753525716678,0.10393069027664,1.79417929559234,1.16081222238395,-0.593142213223363,Jeremy Lamb,CHA,3
1.98726693075905,-1.26257744186791,2.65395006182951,0.179615524982513,-0.524575434853989,-0.774937103342462,0.742427621059748,-0.0734672144912869,1.12575971081169,John Henson,MIL,1
-0.11922194974562,0.247939377089701,0.630276978493772,1.23655552608205,0.862382203997211,-0.473067073194632,-0.589102054232174,0.892490605671942,0.552792402800007,Maurice Harkless,POR,3
1.976783599887,-1.67235650249121,1.34953755801297,-1.18679388036396,-1.08154609255607,-1.70188432048365,0.455125787283904,0.14119007887832,1.41224336481753,Tyler Zeller,BOS,1
0.761370356157461,-0.0583032350298814,1.11209092987558,-0.781599548043639,-0.227863903152173,-0.387085214345595,0.958330490341906,-0.663774771257703,0.552792402800007,Terrence Jones,NOP,1
-1.07856071297417,-0.493108464646607,-1.01150895352908,0.067994923726087,-0.065518944550467,-0.267697246054583,-1.09100789443251,0.14119007887832,-0.0201749052116781,Evan Fournier,ORL,4
-0.522713629257868,0.101086283104552,-0.759469128935871,0.795523655901408,0.320050332128582,0.244701369123338,-0.945018604033479,1.59012680912316,-0.0201749052116781,Tomas Satoransky,WAS,3
-0.803019956916285,0.991608057175866,-0.649363445573067,0.718462958354919,0.193480478385916,0.378833925570822,0.109679534767711,-0.449117477888099,-0.30665855921752,Jae Crowder,BOS,3
1.01502011167286,1.66819331014057,1.29523476872636,2.65181078635154,2.61274883703803,1.16552370020612,1.34586152735402,-1.84438988479054,-0.0201749052116781,Draymond Green,GSW,1
0.726402037150259,0.434749487610971,1.03008076034701,0.841190699289142,-0.934004196476049,-0.958343771974675,0.0337497644126659,0.14119007887832,-0.0201749052116781,Quincy Acy,BKN,3
-0.702591720640381,-0.476268937382404,-0.175606953381628,-0.102875661618688,0.021805107659074,-1.10063837667423,-0.326762315972261,-0.87843206462731,-0.30665855921752,Will Barton,DEN,4
0.0284891818424591,1.21329696479262,-0.0161289053588279,-1.0495939411772,-1.02583868506417,0.310076179313528,0.229132911806021,0.355847372247926,0.266308748794164,Mike Scott,ATL,2
2.33242715055427,1.08294655004379,1.12238940351264,-0.434877146064515,-0.86646955538375,-0.99994116073662,0.412746298573155,0.999819252356743,1.41224336481753,Justin Hamilton,BKN,1
1.93017031556993,-0.581007095970743,3.71937065925046,-0.250136343463349,-0.409507220803344,0.514503680265712,1.76375747328643,-0.341788831203296,0.839276056805849,Kyle O'Quinn,NYK,1
0.153987158667622,0.336279125754376,-0.45602863305081,-1.36710861525511,-1.58714055430172,-1.56678811711964,0.00316694024188387,-0.663774771257703,0.552792402800007,Mirza Teletovic,MIL,2
-0.512908331604539,-0.0275509953123274,0.259322581996748,1.62520479212768,1.35222210017268,-0.963698711204812,-0.813947927251864,0.785161958987136,-0.593142213223363,Kent Bazemore,ATL,3
1.30229061117257,-0.962077765031874,1.81752340627188,-1.16604533552717,-1.43877938203749,-0.499408363707767,1.2302503922449,0.248518725563123,1.12575971081169,Willie Reed,MIA,1
-0.271894995341332,0.482351956145633,-0.283078691738385,0.821691185391125,1.20666394804538,0.975029401593325,-0.17579584548425,0.463176018932729,-0.30665855921752,Justin Holiday,NYK,3
0.0626962620551282,1.06093933716412,-0.0743200050420024,-0.0941523639085907,-0.582261274120327,-0.99994116073662,0.750951237892273,0.624168988959933,0.552792402800007,JaMychal Green,MEM,2
2.17219099113688,-2.05336342906442,0.526416523811277,-1.46974931050083,-0.960590479698261,-0.390656464303539,0.6906573230904,-0.0198028911488864,0.839276056805849,Aron Baynes,DET,1
2.70328819561953,-1.23966084002627,2.81739126084098,-1.03339741010944,-0.909315024920949,-0.989065157005196,1.50986519948913,-0.556446124572903,1.69872701882338,Alex Len,PHX,1
-0.92221489340856,-0.526787519175013,-0.77259554339764,-0.629176037856865,-0.830569561961002,-0.610407378382336,-0.876963446103102,0.0338614321935164,-0.30665855921752,Allen Crabbe,POR,4
0.421410696360119,0.591603523274363,0.844578806415889,0.694616218185631,0.619455413536912,-0.575017937212815,-0.0875913798524695,1.53646248578076,-0.0201749052116781,Andre Roberson,OKC,3
-0.620743688834679,0.0193794491728064,-0.816862886774131,0.55680767237414,0.313325286605111,-1.24198431765007,-1.30223160196999,2.07310571920477,-0.593142213223363,Ben McLemore,SAC,3
-0.304363039377319,1.13402211362549,-0.187110286973975,-0.508605227852968,0.0576180643311369,0.460849255437594,-0.946826894170544,-0.234460184518493,-1.16610952123505,CJ McCollum,POR,4
1.28980105792455,-2.20319149199411,1.19872424407636,0.252333465288618,-0.121212284515219,0.347692851075455,0.336906403089473,-0.288124507860893,1.41224336481753,Cody Zeller,CHA,1
-0.894182424834977,-0.505482260923618,-0.818208690526066,-0.679382523657501,-0.416550256706148,1.66948945198915,-1.106021218387,-0.288124507860893,-1.73907682924673,Dennis Schroder,ATL,4
2.58724613719233,0.633675555336359,1.83753188715695,0.519065102084055,0.347266986952986,0.304644895155389,2.60583351471413,-0.717439094600106,1.41224336481753,Dewayne Dedmon,SAS,1
1.27886673285514,-0.127987891141597,0.869886008474634,0.747289706806912,0.0127998147749648,-0.0267907342135588,0.684847545207173,-0.449117477888099,1.12575971081169,Gorgui Dieng,MIN,1
-0.99576038854642,-0.982829410595365,-1.1868294488283,-0.206922779106753,0.216076594597153,0.223839286886893,-1.13974910214198,1.48279816243836,-2.02556048325257,Isaiah Canaan,CHI,4
1.12658507798741,2.06649967951223,-0.030193177529645,0.342758890852654,0.172035586104871,-0.0520308817984309,0.77601424933686,-0.341788831203296,1.41224336481753,Kelly Olynyk,BOS,1
-1.07257544097531,-1.07432126069451,-0.831801733225636,0.650070389529651,0.618666300120368,0.261101951611613,-1.1191660661712,-0.18079586117609,-0.593142213223363,Kentavious Caldwell-Pope,DET,4
1.24625423266917,-1.31460432172461,1.33384199358851,0.336142494819037,0.0771828518004976,-0.0924380292033723,1.24682467205411,-0.18079586117609,1.12575971081169,Mason Plumlee,POR,1
-0.334012600655298,0.132636446701958,-0.105628185182023,0.773876812007127,0.342980663561038,2.62091412247777,0.706525438894808,0.624168988959933,-0.30665855921752,Michael Carter-Williams,CHI,3
1.91319393330324,0.570914688303142,0.885596261026384,-0.675310329298892,-0.504103996772886,-1.61677371236432,-0.209858248809768,0.785161958987136,1.12575971081169,Mike Muscala,ATL,1
-0.407017862678471,0.684583580405199,-0.143076015751866,1.25129511479692,1.10949484521032,0.554262363589512,0.314487134924196,0.838826282329537,0.266308748794164,Otto Porter,WAS,3
-0.581124658605561,0.350398764678464,-0.416849218343262,-1.11613556042845,-0.437406730766712,-1.36381055768202,-0.599488191365533,0.785161958987136,-0.0201749052116781,Reggie Bullock,DET,4
-0.637123862050392,1.3159227630254,0.513948126371913,3.2173990942575,2.21504274178751,-0.217640312804065,0.257632720732845,-0.18079586117609,0.552792402800007,Robert Covington,PHI,3
1.9132406684792,-1.79752415349678,3.48192915027396,-0.354670514813507,-0.858901879255434,-0.844754632032831,2.26514150682881,-0.0734672144912869,1.69872701882338,Rudy Gobert,UTA,1
-0.897430999812568,-0.113353518024911,-0.869926146727367,-1.67814102509065,-1.31861909375738,-0.105533639378425,-0.729510603920618,1.75111977915037,-0.30665855921752,Shabazz Muhammad,MIN,4
1.26480106828329,-0.061174590319803,0.86742949553668,-0.0900215032553621,0.344148411921024,1.15867080911767,0.134259364273671,-0.610110447915303,1.41224336481753,Steven Adams,OKC,1
-0.759084345706046,0.410044409004376,-0.715985070602112,-0.70242733878478,-0.57080126277906,-0.14879068086152,-0.931395179468592,-0.234460184518493,-0.30665855921752,Tim Hardaway Jr.,ATL,4
-0.610415754666682,0.972713641165286,-0.771150151242109,-0.621348598749425,-1.12583445541785,-0.705251119689663,-0.507050732836375,0.0875257555359168,-0.0201749052116781,Tony Snell,MIL,2
-0.907518518614215,-0.346103942853701,-0.677250552816019,-0.0804048596546467,-1.24844548540179,-1.06105150640871,-1.58770517159586,1.32180519241115,-1.73907682924673,Trey Burke,WAS,4
-0.655303359244033,1.06445528241708,-0.505743481808312,0.328877931481675,0.590515839446092,1.21268771534429,-0.39406238287208,0.19485440222072,-0.879625867229205,Victor Oladipo,OKC,4
0.107676339850175,0.517816582899694,2.1428788424351,0.769209584096678,1.39997106045423,1.32370492793687,0.990665062371155,-1.41507529805133,1.12575971081169,Giannis Antetokounmpo,MIL,1
2.95415512484846,0.253443910733053,3.57100986588294,0.934029552350754,1.23955310024567,0.0361655064764962,0.192140898271576,-0.18079586117609,1.41224336481753,Lucas Nogueira,TOR,1
-0.273260651676741,1.10664662545267,-0.429537518266686,-0.0603667994982161,0.0434462858153513,1.2584846575799,-0.395518542034628,1.64379113246556,-0.0201749052116781,James Ennis III,MEM,3
-0.341474837284215,-0.279807785966704,-0.74345968496294,-0.278517883926316,0.44669717483338,-0.603132803042213,-1.40171085762796,0.570504665617532,-0.30665855921752,Alex Abrines,OKC,3
-0.796415715362504,0.585528799695778,-1.1868294488283,-0.677613868566239,-0.0463876445625748,-0.397390042468516,-1.28555414619655,-0.610110447915303,-0.879625867229205,Matthew Dellavedova,MIL,4
-0.398069004652977,0.511388917508751,-0.382969098549859,0.845125943977308,0.0677895819609066,-0.628385202638707,-0.479539073247499,-0.234460184518493,-0.0201749052116781,Solomon Hill,NOP,3
0.436410173315434,0.782645594546485,-0.76334846827641,-1.31471161698281,-0.836657497908566,-0.532532485360026,0.806852880754937,-0.341788831203296,1.12575971081169,Joffrey Lauvergne,OKC,2
-0.841820877500341,0.253443910733054,-0.77747576121949,0.0475479235664636,0.424824592095715,-0.620769178984949,-0.890612657300919,0.570504665617532,-1.16610952123505,Ian Clark,GSW,4
-0.972842831979094,0.201207009831854,-0.956477007719196,0.753404471630061,0.65434709861095,0.554002469607262,-1.11408218957157,0.302183048905523,-1.45259317524089,Seth Curry,DAL,4
-0.686200390790562,0.0401432320531505,-0.809717445269251,-0.981917691523943,-1.17782132418357,-0.192432028435658,-1.34080658394354,-0.0198028911488864,-0.879625867229205,Troy Daniels,MEM,4
-0.440050978802964,0.833901495337381,-0.723516923864012,-0.324700641865972,-0.370455862988651,1.75254161406952,-1.01781500196195,2.28776301257438,-0.879625867229205,Rodney McGruder,MIA,3
-0.784451093391987,0.427566913737056,0.215304618314698,0.70939160394695,0.15480635640899,-0.187095216700753,-0.578555691399167,0.19485440222072,-0.30665855921752,Jonathon Simmons,SAS,4
-1.27510970860586,-2.04222382527511,-0.736678500990191,-0.338420758459022,-0.427525654321353,-0.475599305895812,-1.51877968820492,-1.09308935799692,-0.593142213223363,Jamal Crawford,LAC,4
-0.365806604464578,-0.135516150389123,-0.181064780207648,-0.798423682136878,-1.08154609255607,-1.81314001737166,-0.834540222109885,-0.771103417942507,-0.593142213223363,Jordan McRae,CLE,4
-1.14535141185171,0.206281951627949,-0.869247272962572,-0.731398502765429,-0.57080126277906,-0.480763324801547,-1.00354887253447,0.892490605671942,-0.593142213223363,Zach LaVine,MIN,4
-0.783689168240113,0.357493022284226,-0.203692879545874,1.23911852278851,0.554571850933365,0.994632621616452,-0.601868519384202,1.26814086906875,-0.879625867229205,Elfrid Payton,ORL,4
-0.621778591384302,-0.653083973656535,-0.772355343150119,-0.296712793406789,-0.883870062399878,-0.85270818505272,-1.22933593927125,0.14119007887832,-1.16610952123505,Semaj Christon,OKC,4
-0.782415056044955,0.281509789506725,-0.973959522793719,0.630437222988696,1.06364822286675,1.30568726571968,-1.07015228151837,0.838826282329537,-0.593142213223363,Jordan Clarkson,LAL,4
-1.23459336323139,0.197312153185711,-0.785511800124023,0.993627375396661,0.677390429622202,0.623757086250345,-1.04065648611121,-0.288124507860893,-0.879625867229205,Gary Harris,DEN,4
-0.642373561653725,0.215523790078848,-0.0816979100546879,-1.3326453161215,-1.06251103406545,-0.693274280082863,-0.879254919515874,0.248518725563123,-0.30665855921752,Nik Stauskas,PHI,4
-0.621342753789884,-0.202465936827045,-0.760994482134881,-1.49979048959715,-0.84270300921538,-0.110966620036296,-0.389111151792256,-0.234460184518493,0.266308748794164,Rodney Hood,UTA,4
-0.372188190866748,0.546148491695256,-0.392487461917403,-0.772873011200885,-0.395282141710181,-0.870394375320631,-0.0921338022285922,1.59012680912316,-0.30665855921752,Glenn Robinson,IND,3
0.308828944357261,0.64957374256716,2.20149636509084,-0.730736304731586,-0.996393341104172,-1.39036836919722,-0.572001070197578,0.409511695590326,0.552792402800007,Jerami Grant,OKC,1
-0.289805624970923,0.447923941294142,-0.936734651099076,-0.8069573770755,-0.34648310356547,-0.378789665115933,-0.360313259014411,0.946154929014343,-0.30665855921752,Joe Harris,BKN,3
-0.653777228796241,0.862874421247063,-0.944796420156365,-1.60153489452004,-1.55067467694384,-1.56315808115415,-0.532025972992823,1.10714789904155,0.266308748794164,Doug McDermott,CHI,2
-1.08432050835116,-0.046024591784427,-0.976745933380606,-0.636825967472276,-0.670463844167597,-0.434592416851267,0.158650842595676,0.19485440222072,-0.879625867229205,Sean Kilpatrick,BKN,4
-0.548508958866035,-0.350908012193338,-0.330513421942038,-0.867341739131356,-0.466510992296679,-0.611983057151659,-0.364398340503603,0.999819252356743,0.552792402800007,Aaron Gordon,ORL,4
-1.07610117989474,-1.20036860974313,-0.39790968057703,0.325056819378248,0.827100339816099,0.304147337445696,-1.0371547021816,1.37546951575356,0.266308748794164,TJ Warren,PHX,4
-0.756377679880718,1.00186734469763,-0.415629034943396,1.53971573456811,1.97837256095207,0.959611185652806,-0.767239690066277,-1.03942503465452,-0.879625867229205,Marcus Smart,BOS,4
-0.499387700869093,-0.254157704353298,0.628781926428931,0.984225174305449,1.21627815463828,0.262500617699294,0.558495963609361,-0.18079586117609,0.552792402800007,Kyle Anderson,SAS,2
1.95458522626016,0.504385885650587,0.909853371815015,1.26367669123034,1.85098716600128,-0.329334092031042,0.424091043742343,0.785161958987136,1.12575971081169,Dwight Powell,DAL,1
0.960245892395368,0.548783311982151,0.220472572141302,-0.662945706011151,-0.648356223251356,1.36670304019493,1.29865733412577,0.892490605671942,0.552792402800007,Noah Vonleh,POR,1
0.328077292391946,0.914676014640754,-0.365113603004587,-0.333473444822764,-0.533225338268539,0.398262830983315,1.52284663396952,-1.30774665136652,0.552792402800007,Julius Randle,LAL,2
-0.622055804072089,1.64354004105672,-0.557378390002921,-1.20249617948365,-0.565407952859424,-0.440586581640071,-1.04789130385259,-1.30774665136652,0.266308748794164,Andrew Wiggins,MIN,4
-0.445633346254148,1.81146625935148,-0.504501196236979,-0.0818291128417736,-0.132055235658799,0.970221532207122,-0.0185126143961161,0.248518725563123,0.266308748794164,Jabari Parker,MIL,2
2.25198357667444,-0.617912053235912,4.48713035722187,0.591146538921283,0.358759058724314,-0.50873267354295,1.70988449819509,-0.5027818012305,1.41224336481753,Joel Embiid,PHI,1
-0.505328444327157,1.29930530297,-0.510953146010734,-0.735473567589081,-1.20845644327765,0.355734776906677,-1.16847159954221,1.80478410249277,-0.30665855921752,Dante Exum,UTA,3
0.308130898636714,0.535657116371081,-0.681116632336115,-0.7874655188674,-0.169510658177597,0.293793595063505,0.671853892596968,0.51684034227513,0.839276056805849,Dario Saric,PHI,2
1.81683342481912,-0.68507907545852,2.31447584292244,-0.958729678851886,-0.812046693014159,-0.0415705801166338,1.4367811380512,-0.288124507860893,0.839276056805849,Clint Capela,HOU,1
1.37590350349373,-1.5305254018625,1.34783508269176,0.70939160394695,0.15480635640899,-0.797778959509111,1.28951135105379,-0.234460184518493,1.41224336481753,Jusuf Nurkic,DEN,1
1.50124021850412,-0.912199234728952,0.542030168135948,0.308064995830849,-0.387069171516769,-0.147663226599081,1.26725037338801,-1.09308935799692,0.839276056805849,Nikola Jokic,DEN,1
1.50842498903886,1.09303168851565,2.23799138734766,-0.878092372347207,-0.822679155551622,0.320885419311033,0.472659010976569,-0.932096387969713,2.27169432683506,Kristaps Porzingis,NYK,1
-0.337414082995075,1.10664662545267,0.17781044038213,0.528233734412769,0.661034236422921,0.54316141965061,-0.348289927037145,0.51684034227513,-0.879625867229205,Tyler Johnson,MIA,4
-0.942668560631477,0.122181954622344,-0.733551125242101,0.26982645673156,0.393784695796289,-0.38011345147949,-0.735631573979087,-0.0198028911488864,-1.73907682924673,Tim Frazier,NOP,4
2.14940845936265,-0.15968582481539,0.65395190035701,-0.309408767905825,-0.554533636923895,-0.476714877924229,1.04491207206765,0.248518725563123,0.552792402800007,Tarik Black,LAL,1
-0.817260969192322,-0.0931696921217892,-0.903649949134175,0.590143263051382,0.68757572640147,0.430607879473218,-0.859952360226019,-0.0198028911488864,-1.45259317524089,Langston Galloway,NOP,4
-0.927070573956127,0.454670966091453,-0.894209942418734,1.64902117256205,1.60144914384405,0.758499691888335,-0.312462124270427,0.355847372247926,0.266308748794164,Joe Ingles,UTA,4
-1.00367631468901,-0.593391619548352,-0.945891987762614,2.64824484815311,2.41048616954512,1.92263862391607,-0.578160834700276,1.16081222238395,-1.45259317524089,TJ McConnell,PHI,4
0.68365440735086,-2.19951389408583,-0.112025404915989,-0.831263809192844,-0.443291783649609,-1.13006276074307,2.81635252507106,-1.41507529805133,1.69872701882338,Tyson Chandler,PHX,1
1.68098961217781,-0.870286494019607,1.57635033039058,-1.31345552455847,-1.31861909375738,-2.42883915810416,1.89134475229062,-0.5027818012305,1.41224336481753,Pau Gasol,SAS,1
-1.07895534805963,1.61373880495583,-0.619032378331184,-1.23880774619794,-1.09485120997043,-1.10736169023835,-0.369627140598508,-1.36141097470893,-0.0201749052116781,Joe Johnson,UTA,4
-0.226970735825102,1.4155648497477,-0.884397885408294,-1.16337457192816,-1.32491607943178,-0.182321586103702,-0.648219127787918,0.0875257555359168,-0.0201749052116781,Richard Jefferson,CLE,2
0.317389835327341,-0.476995823451364,-0.916518180641963,-0.0758633256822929,-0.869978299596879,0.876226087649603,1.89803914655936,-0.341788831203296,0.552792402800007,Zach Randolph,MEM,1
-1.07508277297095,0.107775154561413,-0.954477966096067,-1.28666050276521,-0.975105153241198,-0.700583048491564,-1.20301622479382,0.19485440222072,-1.45259317524089,Tony Parker,SAS,4
-0.341821050642045,0.435681383779962,-0.808498425371167,-1.15996103030463,-1.067999063916,-1.46521311074006,-0.277638990780749,0.0338614321935164,0.552792402800007,Mike Dunleavy,ATL,2
1.37995823804674,-0.52939156978288,1.01425323401674,0.657061374707178,1.27500679646158,0.768380251698371,0.362337317131299,-0.12713153783369,1.12575971081169,Nene,HOU,1
-0.285873175283577,1.15404677627042,-0.434919548292342,0.372876079049981,-0.26521617948384,-1.41332870823626,0.618903094253732,-0.0734672144912869,-0.0201749052116781,Matt Barnes,SAC,3
1.19359238712393,-1.19043760648475,-0.730681686617446,0.362514340166724,-0.521191726080253,-0.689549425659696,0.954738135964349,-0.12713153783369,0.552792402800007,Luis Scola,BKN,1
-0.951380674455893,-0.342629218728593,-0.304270702634159,0.134385905382017,0.718915101106909,0.6318293426208,0.638569659309745,-2.16637582484495,0.266308748794164,LeBron James,CLE,4
-1.01682390822624,0.915018208242914,-0.526147394165187,-0.469908185048321,-0.382479570526333,-0.785006489071289,0.290124400787934,-1.68339691476333,0.266308748794164,Carmelo Anthony,NYK,2
-0.905182373388448,-0.821369898718926,0.337480336982091,0.94516750616589,1.49572058560896,0.688106912336799,-0.393199600042748,-1.52240394473613,-0.879625867229205,Dwyane Wade,CHI,4
2.21479341940477,-0.67395034439696,1.41986923320072,1.49893541352948,2.37641980775018,-1.03149742897898,0.765141654926642,-1.46873962139373,0.552792402800007,David West,GSW,1
-0.0810431434771489,-0.00753574318118079,-1.1868294488283,-1.29622415721248,-1.20092460460535,-0.512493306791395,-1.06254747238945,-0.932096387969713,0.266308748794164,Boris Diaw,UTA,2
-1.36431243037064,-2.10187625947883,-0.701000801155468,0.150893246010675,0.537476615970152,-0.344230214850273,-0.832116037881701,-0.234460184518493,-1.16610952123505,Leandro Barbosa,PHX,4
1.54790093137229,-2.21635342135004,-0.23696181043806,1.44810061423871,1.40871652510472,1.78392919859039,1.28530517702068,-0.341788831203296,1.12575971081169,Zaza Pachulia,GSW,1
-0.549315669007706,-0.383758116715771,-0.551641578713018,-0.881275991091989,-1.04015239393362,-0.704291571721165,-0.657211145818239,-0.0734672144912869,-0.0201749052116781,Kyle Korver,CLE,4
0.419030663182549,-2.35464166039849,1.12569133699207,-0.120757315842682,-0.0399454721176729,-1.39876930957448,2.78771048284563,-1.41507529805133,1.12575971081169,Dwight Howard,ATL,1
-0.787175728612807,-0.135881599867158,-0.493713911481725,-0.273454310740269,-0.195149994468423,1.36340194894805,-0.801186790832459,-0.288124507860893,-0.0201749052116781,Shaun Livingston,GSW,4
-0.995601050801149,0.192500859681652,-0.790176665918619,0.292966341982703,0.399703865334733,0.586518786164925,-0.517915632977278,-0.663774771257703,-1.16610952123505,Devin Harris,DAL,4
-0.152329609217988,1.07318769546366,-0.338916590952038,-0.553936760300935,0.174928316551966,-0.940747560223983,0.392665025758836,0.302183048905523,0.552792402800007,Luol Deng,LAL,2
-0.63409892556252,-0.390811200381755,-0.293529689145099,0.95782248170629,0.31332528660511,0.0743258170423598,-0.22719750838374,-0.341788831203296,-0.30665855921752,Andre Iguodala,GSW,4
1.46367666391216,-2.27061412031247,0.921541490427151,-0.58251618210555,-0.469059670566252,-0.629869681825457,1.192858462149,0.302183048905523,0.552792402800007,Kris Humphries,ATL,1
1.1989073597912,-2.4199245953884,-0.322352967390695,-0.947343565043262,-1.43096600368627,-0.39673990388707,1.25560813794212,-0.234460184518493,0.839276056805849,Al Jefferson,IND,1
-0.955146341576163,-0.0202248845543686,-0.604663204693029,1.41214119615213,0.631628321557603,-1.38457053710587,-1.31248862876022,-0.234460184518493,-0.30665855921752,JR Smith,CLE,3
-0.897461751502354,-0.655402459294359,-0.960378768347623,-0.761528513305305,-0.345056670142778,0.905350145434198,-1.07015228151837,-2.16637582484495,-2.02556048325257,Jameer Nelson,DEN,4
-0.379550843518422,0.732069823868446,-0.0403455320929472,2.84771142355887,2.7072984068861,1.6050137338259,-0.352630449982685,0.785161958987136,-0.879625867229205,Tony Allen,MEM,3
-0.619223503906323,-0.447401176358057,-1.1868294488283,-0.530476185662221,-1.38172485666708,-0.638151794122754,-1.03054162101955,-0.985760711312113,-1.16610952123505,Beno Udrih,DET,4
-0.937286596263949,-0.423973320049352,-0.702271156673194,1.17465361600296,1.95677524437135,-0.154243833802321,0.0802120734579721,-0.0734672144912869,0.266308748794164,Trevor Ariza,HOU,4
